seed,step,action,outcome,baseline,probability,phase,brier,log_loss
0,0,1,0,constant,0.5,before,0.25,0.6931471805599453
0,0,1,0,cumulative_beta,0.5,before,0.25,0.6931471805599453
0,0,1,0,windowed_beta,0.5,before,0.25,0.6931471805599453
0,1,0,0,constant,0.5,before,0.25,0.6931471805599453
0,1,0,0,cumulative_beta,0.5,before,0.25,0.6931471805599453
0,1,0,0,windowed_beta,0.5,before,0.25,0.6931471805599453
0,2,0,0,constant,0.5,before,0.25,0.6931471805599453
0,2,0,0,cumulative_beta,0.3333333333333333,before,0.1111111111111111,0.4054651081081643
0,2,0,0,windowed_beta,0.3333333333333333,before,0.1111111111111111,0.4054651081081643
0,3,1,1,constant,0.5,before,0.25,0.6931471805599453
0,3,1,1,cumulative_beta,0.3333333333333333,before,0.44444444444444453,1.0986122886681098
0,3,1,1,windowed_beta,0.3333333333333333,before,0.44444444444444453,1.0986122886681098
0,4,0,0,constant,0.5,before,0.25,0.6931471805599453
0,4,0,0,cumulative_beta,0.25,before,0.0625,0.2876820724517809
0,4,0,0,windowed_beta,0.25,before,0.0625,0.2876820724517809
0,5,1,1,constant,0.5,before,0.25,0.6931471805599453
0,5,1,1,cumulative_beta,0.5,before,0.25,0.6931471805599453
0,5,1,1,windowed_beta,0.5,before,0.25,0.6931471805599453
0,6,0,0,constant,0.5,before,0.25,0.6931471805599453
0,6,0,0,cumulative_beta,0.2,before,0.04000000000000001,0.2231435513142097
0,6,0,0,windowed_beta,0.2,before,0.04000000000000001,0.2231435513142097
0,7,0,0,constant,0.5,before,0.25,0.6931471805599453
0,7,0,0,cumulative_beta,0.16666666666666666,before,0.027777777777777776,0.1823215567939546
0,7,0,0,windowed_beta,0.16666666666666666,before,0.027777777777777776,0.1823215567939546
0,8,1,1,constant,0.5,before,0.25,0.6931471805599453
0,8,1,1,cumulative_beta,0.6,before,0.16000000000000003,0.5108256237659907
0,8,1,1,windowed_beta,0.6,before,0.16000000000000003,0.5108256237659907
0,9,0,0,constant,0.5,before,0.25,0.6931471805599453
0,9,0,0,cumulative_beta,0.14285714285714285,before,0.02040816326530612,0.15415067982725822
0,9,0,0,windowed_beta,0.14285714285714285,before,0.02040816326530612,0.15415067982725822
0,10,1,0,constant,0.5,before,0.25,0.6931471805599453
0,10,1,0,cumulative_beta,0.6666666666666666,before,0.4444444444444444,1.0986122886681096
0,10,1,0,windowed_beta,0.6666666666666666,before,0.4444444444444444,1.0986122886681096
0,11,0,0,constant,0.5,before,0.25,0.6931471805599453
0,11,0,0,cumulative_beta,0.125,before,0.015625,0.13353139262452263
0,11,0,0,windowed_beta,0.125,before,0.015625,0.13353139262452263
0,12,1,1,constant,0.5,before,0.25,0.6931471805599453
0,12,1,1,cumulative_beta,0.5714285714285714,before,0.18367346938775514,0.5596157879354228
0,12,1,1,windowed_beta,0.5714285714285714,before,0.18367346938775514,0.5596157879354228
0,13,0,0,constant,0.5,before,0.25,0.6931471805599453
0,13,0,0,cumulative_beta,0.1111111111111111,before,0.012345679012345678,0.11778303565638351
0,13,0,0,windowed_beta,0.1111111111111111,before,0.012345679012345678,0.11778303565638351
0,14,0,0,constant,0.5,before,0.25,0.6931471805599453
0,14,0,0,cumulative_beta,0.1,before,0.010000000000000002,0.10536051565782628
0,14,0,0,windowed_beta,0.1,before,0.010000000000000002,0.10536051565782628
0,15,1,1,constant,0.5,before,0.25,0.6931471805599453
0,15,1,1,cumulative_beta,0.625,before,0.140625,0.4700036292457356
0,15,1,1,windowed_beta,0.625,before,0.140625,0.4700036292457356
0,16,1,0,constant,0.5,before,0.25,0.6931471805599453
0,16,1,0,cumulative_beta,0.6666666666666666,before,0.4444444444444444,1.0986122886681096
0,16,1,0,windowed_beta,0.6666666666666666,before,0.4444444444444444,1.0986122886681096
0,17,1,0,constant,0.5,before,0.25,0.6931471805599453
0,17,1,0,cumulative_beta,0.6,before,0.36,0.916290731874155
0,17,1,0,windowed_beta,0.6,before,0.36,0.916290731874155
0,18,0,0,constant,0.5,before,0.25,0.6931471805599453
0,18,0,0,cumulative_beta,0.09090909090909091,before,0.008264462809917356,0.0953101798043249
0,18,0,0,windowed_beta,0.09090909090909091,before,0.008264462809917356,0.0953101798043249
0,19,0,0,constant,0.5,before,0.25,0.6931471805599453
0,19,0,0,cumulative_beta,0.08333333333333333,before,0.006944444444444444,0.08701137698962981
0,19,0,0,windowed_beta,0.08333333333333333,before,0.006944444444444444,0.08701137698962981
0,20,1,1,constant,0.5,before,0.25,0.6931471805599453
0,20,1,1,cumulative_beta,0.5454545454545454,before,0.20661157024793392,0.6061358035703156
0,20,1,1,windowed_beta,0.5454545454545454,before,0.20661157024793392,0.6061358035703156
0,21,1,1,constant,0.5,before,0.25,0.6931471805599453
0,21,1,1,cumulative_beta,0.5833333333333334,before,0.17361111111111108,0.5389965007326869
0,21,1,1,windowed_beta,0.5833333333333334,before,0.17361111111111108,0.5389965007326869
0,22,1,0,constant,0.5,before,0.25,0.6931471805599453
0,22,1,0,cumulative_beta,0.6153846153846154,before,0.37869822485207105,0.9555114450274365
0,22,1,0,windowed_beta,0.6153846153846154,before,0.37869822485207105,0.9555114450274365
0,23,0,0,constant,0.5,before,0.25,0.6931471805599453
0,23,0,0,cumulative_beta,0.07692307692307693,before,0.00591715976331361,0.08004270767353637
0,23,0,0,windowed_beta,0.07692307692307693,before,0.00591715976331361,0.08004270767353637
0,24,1,1,constant,0.5,before,0.25,0.6931471805599453
0,24,1,1,cumulative_beta,0.5714285714285714,before,0.18367346938775514,0.5596157879354228
0,24,1,1,windowed_beta,0.5714285714285714,before,0.18367346938775514,0.5596157879354228
0,25,1,1,constant,0.5,before,0.25,0.6931471805599453
0,25,1,1,cumulative_beta,0.6,before,0.16000000000000003,0.5108256237659907
0,25,1,1,windowed_beta,0.6,before,0.16000000000000003,0.5108256237659907
0,26,0,0,constant,0.5,before,0.25,0.6931471805599453
0,26,0,0,cumulative_beta,0.07142857142857142,before,0.00510204081632653,0.07410797215372185
0,26,0,0,windowed_beta,0.07142857142857142,before,0.00510204081632653,0.07410797215372185
0,27,0,0,constant,0.5,before,0.25,0.6931471805599453
0,27,0,0,cumulative_beta,0.06666666666666667,before,0.0044444444444444444,0.06899287148695143
0,27,0,0,windowed_beta,0.06666666666666667,before,0.0044444444444444444,0.06899287148695143
0,28,1,0,constant,0.5,before,0.25,0.6931471805599453
0,28,1,0,cumulative_beta,0.625,before,0.390625,0.9808292530117262
0,28,1,0,windowed_beta,0.625,before,0.390625,0.9808292530117262
0,29,0,0,constant,0.5,before,0.25,0.6931471805599453
0,29,0,0,cumulative_beta,0.0625,before,0.00390625,0.06453852113757118
0,29,0,0,windowed_beta,0.0625,before,0.00390625,0.06453852113757118
0,30,1,1,constant,0.5,before,0.25,0.6931471805599453
0,30,1,1,cumulative_beta,0.5882352941176471,before,0.1695501730103806,0.5306282510621704
0,30,1,1,windowed_beta,0.5882352941176471,before,0.1695501730103806,0.5306282510621704
0,31,0,0,constant,0.5,before,0.25,0.6931471805599453
0,31,0,0,cumulative_beta,0.058823529411764705,before,0.0034602076124567475,0.060624621816434854
0,31,0,0,windowed_beta,0.058823529411764705,before,0.0034602076124567475,0.060624621816434854
0,32,0,0,constant,0.5,before,0.25,0.6931471805599453
0,32,0,0,cumulative_beta,0.05555555555555555,before,0.0030864197530864196,0.05715841383994864
0,32,0,0,windowed_beta,0.05555555555555555,before,0.0030864197530864196,0.05715841383994864
0,33,1,0,constant,0.5,before,0.25,0.6931471805599453
0,33,1,0,cumulative_beta,0.6111111111111112,before,0.37345679012345684,0.9444616088408515
0,33,1,0,windowed_beta,0.6111111111111112,before,0.37345679012345684,0.9444616088408515
0,34,0,0,constant,0.5,before,0.25,0.6931471805599453
0,34,0,0,cumulative_beta,0.05263157894736842,before,0.0027700831024930744,0.0540672212702757
0,34,0,0,windowed_beta,0.05263157894736842,before,0.0027700831024930744,0.0540672212702757
0,35,0,1,constant,0.5,before,0.25,0.6931471805599453
0,35,0,1,cumulative_beta,0.05,before,0.9025,2.995732273553991
0,35,0,1,windowed_beta,0.05,before,0.9025,2.995732273553991
0,36,0,0,constant,0.5,before,0.25,0.6931471805599453
0,36,0,0,cumulative_beta,0.09523809523809523,before,0.009070294784580497,0.10008345855698253
0,36,0,0,windowed_beta,0.09523809523809523,before,0.009070294784580497,0.10008345855698253
0,37,1,1,constant,0.5,before,0.25,0.6931471805599453
0,37,1,1,cumulative_beta,0.5789473684210527,before,0.17728531855955676,0.5465437063680699
0,37,1,1,windowed_beta,0.5789473684210527,before,0.17728531855955676,0.5465437063680699
0,38,0,0,constant,0.5,before,0.25,0.6931471805599453
0,38,0,0,cumulative_beta,0.09090909090909091,before,0.008264462809917356,0.0953101798043249
0,38,0,0,windowed_beta,0.09090909090909091,before,0.008264462809917356,0.0953101798043249
0,39,1,1,constant,0.5,before,0.25,0.6931471805599453
0,39,1,1,cumulative_beta,0.6,before,0.16000000000000003,0.5108256237659907
0,39,1,1,windowed_beta,0.6,before,0.16000000000000003,0.5108256237659907
0,40,1,1,constant,0.5,before,0.25,0.6931471805599453
0,40,1,1,cumulative_beta,0.6190476190476191,before,0.14512471655328796,0.4795730802618862
0,40,1,1,windowed_beta,0.6190476190476191,before,0.14512471655328796,0.4795730802618862
0,41,0,0,constant,0.5,before,0.25,0.6931471805599453
0,41,0,0,cumulative_beta,0.08695652173913043,before,0.007561436672967863,0.09097177820572663
0,41,0,0,windowed_beta,0.09090909090909091,before,0.008264462809917356,0.0953101798043249
0,42,0,0,constant,0.5,before,0.25,0.6931471805599453
0,42,0,0,cumulative_beta,0.08333333333333333,before,0.006944444444444444,0.08701137698962981
0,42,0,0,windowed_beta,0.09090909090909091,before,0.008264462809917356,0.0953101798043249
0,43,1,1,constant,0.5,before,0.25,0.6931471805599453
0,43,1,1,cumulative_beta,0.6363636363636364,before,0.1322314049586777,0.45198512374305727
0,43,1,1,windowed_beta,0.6363636363636364,before,0.1322314049586777,0.45198512374305727
0,44,1,1,constant,0.5,before,0.25,0.6931471805599453
0,44,1,1,cumulative_beta,0.6521739130434783,before,0.12098298676748581,0.4274440148269396
0,44,1,1,windowed_beta,0.6818181818181818,before,0.10123966942148764,0.38299225225610584
0,45,0,0,constant,0.5,before,0.25,0.6931471805599453
0,45,0,0,cumulative_beta,0.08,before,0.0064,0.08338160893905101
0,45,0,0,windowed_beta,0.09090909090909091,before,0.008264462809917356,0.0953101798043249
0,46,0,0,constant,0.5,before,0.25,0.6931471805599453
0,46,0,0,cumulative_beta,0.07692307692307693,before,0.00591715976331361,0.08004270767353637
0,46,0,0,windowed_beta,0.09090909090909091,before,0.008264462809917356,0.0953101798043249
0,47,0,0,constant,0.5,before,0.25,0.6931471805599453
0,47,0,0,cumulative_beta,0.07407407407407407,before,0.0054869684499314125,0.07696104113612832
0,47,0,0,windowed_beta,0.09090909090909091,before,0.008264462809917356,0.0953101798043249
0,48,0,0,constant,0.5,before,0.25,0.6931471805599453
0,48,0,0,cumulative_beta,0.07142857142857142,before,0.00510204081632653,0.07410797215372185
0,48,0,0,windowed_beta,0.09090909090909091,before,0.008264462809917356,0.0953101798043249
0,49,1,0,constant,0.5,before,0.25,0.6931471805599453
0,49,1,0,cumulative_beta,0.6666666666666666,before,0.4444444444444444,1.0986122886681096
0,49,1,0,windowed_beta,0.6818181818181818,before,0.4648760330578512,1.1451323043030024
0,50,0,0,constant,0.5,before,0.25,0.6931471805599453
0,50,0,0,cumulative_beta,0.06896551724137931,before,0.0047562425683709865,0.07145896398214498
0,50,0,0,windowed_beta,0.09090909090909091,before,0.008264462809917356,0.0953101798043249
0,51,1,1,constant,0.5,before,0.25,0.6931471805599453
0,51,1,1,cumulative_beta,0.64,before,0.1296,0.4462871026284195
0,51,1,1,windowed_beta,0.6363636363636364,before,0.1322314049586777,0.45198512374305727
0,52,0,1,constant,0.5,before,0.25,0.6931471805599453
0,52,0,1,cumulative_beta,0.06666666666666667,before,0.8711111111111112,2.70805020110221
0,52,0,1,windowed_beta,0.09090909090909091,before,0.8264462809917354,2.3978952727983707
0,53,0,0,constant,0.5,before,0.25,0.6931471805599453
0,53,0,0,cumulative_beta,0.0967741935483871,before,0.009365244536940686,0.10178269430994236
0,53,0,0,windowed_beta,0.13636363636363635,before,0.018595041322314047,0.1466034741918754
0,54,0,0,constant,0.5,before,0.25,0.6931471805599453
0,54,0,0,cumulative_beta,0.09375,before,0.0087890625,0.09844007281325252
0,54,0,0,windowed_beta,0.13636363636363635,before,0.018595041322314047,0.1466034741918754
0,55,0,0,constant,0.5,before,0.25,0.6931471805599453
0,55,0,0,cumulative_beta,0.09090909090909091,before,0.008264462809917356,0.0953101798043249
0,55,0,0,windowed_beta,0.13636363636363635,before,0.018595041322314047,0.1466034741918754
0,56,0,1,constant,0.5,before,0.25,0.6931471805599453
0,56,0,1,cumulative_beta,0.08823529411764706,before,0.8313148788927335,2.4277482359480516
0,56,0,1,windowed_beta,0.13636363636363635,before,0.7458677685950413,1.9924301646902063
0,57,0,0,constant,0.5,before,0.25,0.6931471805599453
0,57,0,0,cumulative_beta,0.11428571428571428,before,0.013061224489795917,0.12136085700426748
0,57,0,0,windowed_beta,0.18181818181818182,before,0.03305785123966942,0.20067069546215124
0,58,1,1,constant,0.5,before,0.25,0.6931471805599453
0,58,1,1,cumulative_beta,0.6538461538461539,before,0.11982248520710058,0.42488319396526597
0,58,1,1,windowed_beta,0.6363636363636364,before,0.1322314049586777,0.45198512374305727
0,59,1,1,constant,0.5,before,0.25,0.6931471805599453
0,59,1,1,cumulative_beta,0.6666666666666666,before,0.11111111111111113,0.40546510810816444
0,59,1,1,windowed_beta,0.6818181818181818,before,0.10123966942148764,0.38299225225610584
0,60,1,0,constant,0.5,before,0.25,0.6931471805599453
0,60,1,0,cumulative_beta,0.6785714285714286,before,0.46045918367346944,1.1349799328389847
0,60,1,0,windowed_beta,0.6818181818181818,before,0.4648760330578512,1.1451323043030024
0,61,1,1,constant,0.5,before,0.25,0.6931471805599453
0,61,1,1,cumulative_beta,0.6551724137931034,before,0.11890606420927469,0.4228568508200336
0,61,1,1,windowed_beta,0.6363636363636364,before,0.1322314049586777,0.45198512374305727
0,62,0,0,constant,0.5,before,0.25,0.6931471805599453
0,62,0,0,cumulative_beta,0.1111111111111111,before,0.012345679012345678,0.11778303565638351
0,62,0,0,windowed_beta,0.18181818181818182,before,0.03305785123966942,0.20067069546215124
0,63,0,0,constant,0.5,before,0.25,0.6931471805599453
0,63,0,0,cumulative_beta,0.10810810810810811,before,0.011687363038714392,0.11441035117774422
0,63,0,0,windowed_beta,0.18181818181818182,before,0.03305785123966942,0.20067069546215124
0,64,1,1,constant,0.5,before,0.25,0.6931471805599453
0,64,1,1,cumulative_beta,0.6666666666666666,before,0.11111111111111113,0.40546510810816444
0,64,1,1,windowed_beta,0.6818181818181818,before,0.10123966942148764,0.38299225225610584
0,65,1,1,constant,0.5,before,0.25,0.6931471805599453
0,65,1,1,cumulative_beta,0.6774193548387096,before,0.10405827263267432,0.3894647667617233
0,65,1,1,windowed_beta,0.7272727272727273,before,0.07438016528925619,0.3184537311185346
0,66,0,0,constant,0.5,before,0.25,0.6931471805599453
0,66,0,0,cumulative_beta,0.10526315789473684,before,0.011080332409972297,0.11122563511022437
0,66,0,0,windowed_beta,0.18181818181818182,before,0.03305785123966942,0.20067069546215124
0,67,0,0,constant,0.5,before,0.25,0.6931471805599453
0,67,0,0,cumulative_beta,0.10256410256410256,before,0.010519395134779749,0.10821358464023272
0,67,0,0,windowed_beta,0.18181818181818182,before,0.03305785123966942,0.20067069546215124
0,68,1,1,constant,0.5,before,0.25,0.6931471805599453
0,68,1,1,cumulative_beta,0.6875,before,0.09765625,0.3746934494414107
0,68,1,1,windowed_beta,0.7272727272727273,before,0.07438016528925619,0.3184537311185346
0,69,0,0,constant,0.5,before,0.25,0.6931471805599453
0,69,0,0,cumulative_beta,0.1,before,0.010000000000000002,0.10536051565782628
0,69,0,0,windowed_beta,0.18181818181818182,before,0.03305785123966942,0.20067069546215124
0,70,1,1,constant,0.5,before,0.25,0.6931471805599453
0,70,1,1,cumulative_beta,0.696969696969697,before,0.09182736455463725,0.3610133455373305
0,70,1,1,windowed_beta,0.7272727272727273,before,0.07438016528925619,0.3184537311185346
0,71,0,0,constant,0.5,before,0.25,0.6931471805599453
0,71,0,0,cumulative_beta,0.0975609756097561,before,0.009518143961927425,0.10265415406008334
0,71,0,0,windowed_beta,0.13636363636363635,before,0.018595041322314047,0.1466034741918754
0,72,0,0,constant,0.5,before,0.25,0.6931471805599453
0,72,0,0,cumulative_beta,0.09523809523809523,before,0.009070294784580497,0.10008345855698253
0,72,0,0,windowed_beta,0.13636363636363635,before,0.018595041322314047,0.1466034741918754
0,73,1,1,constant,0.5,before,0.25,0.6931471805599453
0,73,1,1,cumulative_beta,0.7058823529411765,before,0.08650519031141866,0.3483066942682157
0,73,1,1,windowed_beta,0.7727272727272727,before,0.05165289256198348,0.2578291093020998
0,74,1,1,constant,0.5,before,0.25,0.6931471805599453
0,74,1,1,cumulative_beta,0.7142857142857143,before,0.08163265306122448,0.3364722366212129
0,74,1,1,windowed_beta,0.7727272727272727,before,0.05165289256198348,0.2578291093020998
0,75,0,1,constant,0.5,before,0.25,0.6931471805599453
0,75,0,1,cumulative_beta,0.09302325581395349,before,0.8226068144943214,2.374905754573672
0,75,0,1,windowed_beta,0.13636363636363635,before,0.7458677685950413,1.9924301646902063
0,76,1,1,constant,0.5,before,0.25,0.6931471805599453
0,76,1,1,cumulative_beta,0.7222222222222222,before,0.0771604938271605,0.325422400434628
0,76,1,1,windowed_beta,0.7727272727272727,before,0.05165289256198348,0.2578291093020998
0,77,1,0,constant,0.5,before,0.25,0.6931471805599453
0,77,1,0,cumulative_beta,0.7297297297297297,before,0.5325054784514244,1.3083328196501787
0,77,1,0,windowed_beta,0.8181818181818182,before,0.6694214876033059,1.7047480922384255
0,78,0,0,constant,0.5,before,0.25,0.6931471805599453
0,78,0,0,cumulative_beta,0.11363636363636363,before,0.012913223140495866,0.12062798778861475
0,78,0,0,windowed_beta,0.18181818181818182,before,0.03305785123966942,0.20067069546215124
0,79,1,0,constant,0.5,before,0.25,0.6931471805599453
0,79,1,0,cumulative_beta,0.7105263157894737,before,0.5048476454293629,1.2396908869280152
0,79,1,0,windowed_beta,0.7727272727272727,before,0.5971074380165289,1.4816045409242153
0,80,1,0,constant,0.5,before,0.25,0.6931471805599453
0,80,1,0,cumulative_beta,0.6923076923076923,before,0.4792899408284023,1.1786549963416462
0,80,1,0,windowed_beta,0.7727272727272727,before,0.5971074380165289,1.4816045409242153
0,81,0,0,constant,0.5,before,0.25,0.6931471805599453
0,81,0,0,cumulative_beta,0.1111111111111111,before,0.012345679012345678,0.11778303565638351
0,81,0,0,windowed_beta,0.18181818181818182,before,0.03305785123966942,0.20067069546215124
0,82,1,1,constant,0.5,before,0.25,0.6931471805599453
0,82,1,1,cumulative_beta,0.675,before,0.10562499999999997,0.3930425881096072
0,82,1,1,windowed_beta,0.7272727272727273,before,0.07438016528925619,0.3184537311185346
0,83,0,0,constant,0.5,before,0.25,0.6931471805599453
0,83,0,0,cumulative_beta,0.10869565217391304,before,0.011814744801512287,0.11506932978478723
0,83,0,0,windowed_beta,0.18181818181818182,before,0.03305785123966942,0.20067069546215124
0,84,0,0,constant,0.5,before,0.25,0.6931471805599453
0,84,0,0,cumulative_beta,0.10638297872340426,before,0.011317338162064282,0.11247798342669033
0,84,0,0,windowed_beta,0.18181818181818182,before,0.03305785123966942,0.20067069546215124
0,85,0,0,constant,0.5,before,0.25,0.6931471805599453
0,85,0,0,cumulative_beta,0.10416666666666667,before,0.010850694444444446,0.11000089521432846
0,85,0,0,windowed_beta,0.18181818181818182,before,0.03305785123966942,0.20067069546215124
0,86,1,0,constant,0.5,before,0.25,0.6931471805599453
0,86,1,0,cumulative_beta,0.6829268292682927,before,0.46638905413444387,1.1486227092427712
0,86,1,0,windowed_beta,0.7272727272727273,before,0.5289256198347108,1.2992829841302609
0,87,1,0,constant,0.5,before,0.25,0.6931471805599453
0,87,1,0,cumulative_beta,0.6666666666666666,before,0.4444444444444444,1.0986122886681096
0,87,1,0,windowed_beta,0.6818181818181818,before,0.4648760330578512,1.1451323043030024
0,88,1,0,constant,0.5,before,0.25,0.6931471805599453
0,88,1,0,cumulative_beta,0.6511627906976745,before,0.4240129799891834,1.0531499145913525
0,88,1,0,windowed_beta,0.6363636363636364,before,0.4049586776859504,1.0116009116784799
0,89,1,1,constant,0.5,before,0.25,0.6931471805599453
0,89,1,1,cumulative_beta,0.6363636363636364,before,0.1322314049586777,0.45198512374305727
0,89,1,1,windowed_beta,0.5909090909090909,before,0.16735537190082642,0.5260930958967791
0,90,0,0,constant,0.5,before,0.25,0.6931471805599453
0,90,0,0,cumulative_beta,0.10204081632653061,before,0.010412328196584757,0.10763066419236544
0,90,0,0,windowed_beta,0.18181818181818182,before,0.03305785123966942,0.20067069546215124
0,91,1,1,constant,0.5,before,0.25,0.6931471805599453
0,91,1,1,cumulative_beta,0.6444444444444445,before,0.12641975308641973,0.43936665978384565
0,91,1,1,windowed_beta,0.6363636363636364,before,0.1322314049586777,0.45198512374305727
0,92,1,1,constant,0.5,before,0.25,0.6931471805599453
0,92,1,1,cumulative_beta,0.6521739130434783,before,0.12098298676748581,0.4274440148269396
0,92,1,1,windowed_beta,0.6363636363636364,before,0.1322314049586777,0.45198512374305727
0,93,0,0,constant,0.5,before,0.25,0.6931471805599453
0,93,0,0,cumulative_beta,0.1,before,0.010000000000000002,0.10536051565782628
0,93,0,0,windowed_beta,0.18181818181818182,before,0.03305785123966942,0.20067069546215124
0,94,0,0,constant,0.5,before,0.25,0.6931471805599453
0,94,0,0,cumulative_beta,0.09803921568627451,before,0.009611687812379853,0.10318423623523075
0,94,0,0,windowed_beta,0.13636363636363635,before,0.018595041322314047,0.1466034741918754
0,95,1,0,constant,0.5,before,0.25,0.6931471805599453
0,95,1,0,cumulative_beta,0.6595744680851063,before,0.43503847894975095,1.0775588794702773
0,95,1,0,windowed_beta,0.6363636363636364,before,0.4049586776859504,1.0116009116784799
0,96,0,0,constant,0.5,before,0.25,0.6931471805599453
0,96,0,0,cumulative_beta,0.09615384615384616,before,0.009245562130177515,0.10109611687136875
0,96,0,0,windowed_beta,0.13636363636363635,before,0.018595041322314047,0.1466034741918754
0,97,1,1,constant,0.5,before,0.25,0.6931471805599453
0,97,1,1,cumulative_beta,0.6458333333333334,before,0.12543402777777776,0.4372138064227446
0,97,1,1,windowed_beta,0.5909090909090909,before,0.16735537190082642,0.5260930958967791
0,98,1,1,constant,0.5,before,0.25,0.6931471805599453
0,98,1,1,cumulative_beta,0.6530612244897959,before,0.12036651395251982,0.42608439531090014
0,98,1,1,windowed_beta,0.6363636363636364,before,0.1322314049586777,0.45198512374305727
0,99,0,0,constant,0.5,before,0.25,0.6931471805599453
0,99,0,0,cumulative_beta,0.09433962264150944,before,0.0088999644001424,0.09909090264423089
0,99,0,0,windowed_beta,0.13636363636363635,before,0.018595041322314047,0.1466034741918754
0,100,1,0,constant,0.5,after,0.25,0.6931471805599453
0,100,1,0,cumulative_beta,0.66,after,0.43560000000000004,1.07880966137193
0,100,1,0,windowed_beta,0.6363636363636364,after,0.4049586776859504,1.0116009116784799
0,101,1,0,constant,0.5,after,0.25,0.6931471805599453
0,101,1,0,cumulative_beta,0.6470588235294118,after,0.41868512110726647,1.0414538748281612
0,101,1,0,windowed_beta,0.5909090909090909,after,0.3491735537190083,0.8938178760220965
0,102,1,0,constant,0.5,after,0.25,0.6931471805599453
0,102,1,0,cumulative_beta,0.6346153846153846,after,0.4027366863905325,1.0068047394149868
0,102,1,0,windowed_beta,0.5454545454545454,after,0.29752066115702475,0.78845736036427
0,103,1,0,constant,0.5,after,0.25,0.6931471805599453
0,103,1,0,cumulative_beta,0.6226415094339622,after,0.3876824492702029,0.9745596399981308
0,103,1,0,windowed_beta,0.5,after,0.25,0.6931471805599453
0,104,0,1,constant,0.5,after,0.25,0.6931471805599453
0,104,0,1,cumulative_beta,0.09259259259259259,after,0.8233882030178327,2.379546134130174
0,104,0,1,windowed_beta,0.13636363636363635,after,0.7458677685950413,1.9924301646902063
0,105,1,0,constant,0.5,after,0.25,0.6931471805599453
0,105,1,0,cumulative_beta,0.6111111111111112,after,0.37345679012345684,0.9444616088408515
0,105,1,0,windowed_beta,0.45454545454545453,after,0.20661157024793386,0.6061358035703156
0,106,1,0,constant,0.5,after,0.25,0.6931471805599453
0,106,1,0,cumulative_beta,0.6,after,0.36,0.916290731874155
0,106,1,0,windowed_beta,0.4090909090909091,after,0.16735537190082647,0.5260930958967792
0,107,0,1,constant,0.5,after,0.25,0.6931471805599453
0,107,0,1,cumulative_beta,0.10909090909090909,after,0.7937190082644627,2.2155737160044158
0,107,0,1,windowed_beta,0.13636363636363635,after,0.7458677685950413,1.9924301646902063
0,108,0,0,constant,0.5,after,0.25,0.6931471805599453
0,108,0,0,cumulative_beta,0.125,after,0.015625,0.13353139262452263
0,108,0,0,windowed_beta,0.18181818181818182,after,0.03305785123966942,0.20067069546215124
0,109,0,1,constant,0.5,after,0.25,0.6931471805599453
0,109,0,1,cumulative_beta,0.12280701754385964,after,0.7694675284702986,2.097141118779237
0,109,0,1,windowed_beta,0.18181818181818182,after,0.6694214876033057,1.7047480922384253
0,110,1,1,constant,0.5,after,0.25,0.6931471805599453
0,110,1,1,cumulative_beta,0.5892857142857143,after,0.1686862244897959,0.528844129268669
0,110,1,1,windowed_beta,0.36363636363636365,after,0.4049586776859504,1.0116009116784799
0,111,0,1,constant,0.5,after,0.25,0.6931471805599453
0,111,0,1,cumulative_beta,0.13793103448275862,after,0.7431629013079666,1.9810014688665833
0,111,0,1,windowed_beta,0.22727272727272727,after,0.5971074380165289,1.4816045409242156
0,112,1,1,constant,0.5,after,0.25,0.6931471805599453
0,112,1,1,cumulative_beta,0.5964912280701754,after,0.1628193290243152,0.5166907432183888
0,112,1,1,windowed_beta,0.36363636363636365,after,0.4049586776859504,1.0116009116784799
0,113,1,0,constant,0.5,after,0.25,0.6931471805599453
0,113,1,0,cumulative_beta,0.603448275862069,after,0.36414982164090365,0.9249487946172696
0,113,1,0,windowed_beta,0.4090909090909091,after,0.16735537190082647,0.5260930958967792
0,114,0,0,constant,0.5,after,0.25,0.6931471805599453
0,114,0,0,cumulative_beta,0.15254237288135594,after,0.023269175524274637,0.16551443847757344
0,114,0,0,windowed_beta,0.2727272727272727,after,0.07438016528925619,0.3184537311185346
0,115,1,0,constant,0.5,after,0.25,0.6931471805599453
0,115,1,0,cumulative_beta,0.5932203389830508,after,0.3519103705831657,0.8994836135577737
0,115,1,0,windowed_beta,0.4090909090909091,after,0.16735537190082647,0.5260930958967792
0,116,0,1,constant,0.5,after,0.25,0.6931471805599453
0,116,0,1,cumulative_beta,0.15,after,0.7224999999999999,1.8971199848858813
0,116,0,1,windowed_beta,0.2727272727272727,after,0.5289256198347108,1.2992829841302609
0,117,0,1,constant,0.5,after,0.25,0.6931471805599453
0,117,0,1,cumulative_beta,0.16393442622950818,after,0.6990056436441817,1.8082887711792657
0,117,0,1,windowed_beta,0.3181818181818182,after,0.4648760330578513,1.1451323043030026
0,118,0,1,constant,0.5,after,0.25,0.6931471805599453
0,118,0,1,cumulative_beta,0.1774193548387097,after,0.6766389177939646,1.729239112246721
0,118,0,1,windowed_beta,0.36363636363636365,after,0.4049586776859504,1.0116009116784799
0,119,1,0,constant,0.5,after,0.25,0.6931471805599453
0,119,1,0,cumulative_beta,0.5833333333333334,after,0.34027777777777785,0.8754687373539001
0,119,1,0,windowed_beta,0.4090909090909091,after,0.16735537190082647,0.5260930958967792
0,120,1,0,constant,0.5,after,0.25,0.6931471805599453
0,120,1,0,cumulative_beta,0.5737704918032787,after,0.32921257726417624,0.8527773261518291
0,120,1,0,windowed_beta,0.36363636363636365,after,0.1322314049586777,0.45198512374305727
0,121,1,0,constant,0.5,after,0.25,0.6931471805599453
0,121,1,0,cumulative_beta,0.5645161290322581,after,0.3186784599375651,0.8312975190407627
0,121,1,0,windowed_beta,0.36363636363636365,after,0.1322314049586777,0.45198512374305727
0,122,1,0,constant,0.5,after,0.25,0.6931471805599453
0,122,1,0,cumulative_beta,0.5555555555555556,after,0.308641975308642,0.8109302162163288
0,122,1,0,windowed_beta,0.36363636363636365,after,0.1322314049586777,0.45198512374305727
0,123,0,0,constant,0.5,after,0.25,0.6931471805599453
0,123,0,0,cumulative_beta,0.19047619047619047,after,0.03628117913832199,0.2113090936672069
0,123,0,0,windowed_beta,0.4090909090909091,after,0.16735537190082647,0.5260930958967792
0,124,1,1,constant,0.5,after,0.25,0.6931471805599453
0,124,1,1,cumulative_beta,0.546875,after,0.205322265625,0.6035350218702582
0,124,1,1,windowed_beta,0.36363636363636365,after,0.4049586776859504,1.0116009116784799
0,125,1,1,constant,0.5,after,0.25,0.6931471805599453
0,125,1,1,cumulative_beta,0.5538461538461539,after,0.1990532544378698,0.5908683314395271
0,125,1,1,windowed_beta,0.36363636363636365,after,0.4049586776859504,1.0116009116784799
0,126,1,0,constant,0.5,after,0.25,0.6931471805599453
0,126,1,0,cumulative_beta,0.5606060606060606,after,0.31427915518824606,0.8223589120399514
0,126,1,0,windowed_beta,0.36363636363636365,after,0.1322314049586777,0.45198512374305727
0,127,0,1,constant,0.5,after,0.25,0.6931471805599453
0,127,0,1,cumulative_beta,0.1875,after,0.66015625,1.6739764335716716
0,127,0,1,windowed_beta,0.36363636363636365,after,0.4049586776859504,1.0116009116784799
0,128,1,1,constant,0.5,after,0.25,0.6931471805599453
0,128,1,1,cumulative_beta,0.5522388059701493,after,0.2004900868790376,0.5937747067467416
0,128,1,1,windowed_beta,0.3181818181818182,after,0.4648760330578513,1.1451323043030026
0,129,0,1,constant,0.5,after,0.25,0.6931471805599453
0,129,0,1,cumulative_beta,0.2,after,0.6400000000000001,1.6094379124341003
0,129,0,1,windowed_beta,0.4090909090909091,after,0.34917355371900816,0.8938178760220964
0,130,1,0,constant,0.5,after,0.25,0.6931471805599453
0,130,1,0,cumulative_beta,0.5588235294117647,after,0.31228373702422146,0.8183103235139514
0,130,1,0,windowed_beta,0.36363636363636365,after,0.1322314049586777,0.45198512374305727
0,131,1,0,constant,0.5,after,0.25,0.6931471805599453
0,131,1,0,cumulative_beta,0.5507246376811594,after,0.3032976265490443,0.8001193001121132
0,131,1,0,windowed_beta,0.3181818181818182,after,0.1012396694214876,0.3829922522561057
0,132,0,1,constant,0.5,after,0.25,0.6931471805599453
0,132,0,1,cumulative_beta,0.21212121212121213,after,0.620752984389348,1.550597412411167
0,132,0,1,windowed_beta,0.45454545454545453,after,0.29752066115702475,0.7884573603642702
0,133,1,0,constant,0.5,after,0.25,0.6931471805599453
0,133,1,0,cumulative_beta,0.5428571428571428,after,0.2946938775510204,0.7827593392496324
0,133,1,0,windowed_beta,0.2727272727272727,after,0.07438016528925619,0.3184537311185346
0,134,0,1,constant,0.5,after,0.25,0.6931471805599453
0,134,0,1,cumulative_beta,0.22388059701492538,after,0.6023613276899087,1.4966424182887559
0,134,0,1,windowed_beta,0.5,after,0.25,0.6931471805599453
0,135,0,1,constant,0.5,after,0.25,0.6931471805599453
0,135,0,1,cumulative_beta,0.23529411764705882,after,0.5847750865051903,1.4469189829363254
0,135,0,1,windowed_beta,0.5454545454545454,after,0.20661157024793392,0.6061358035703156
0,136,0,1,constant,0.5,after,0.25,0.6931471805599453
0,136,0,1,cumulative_beta,0.2463768115942029,after,0.5679479101029196,1.4008931605410433
0,136,0,1,windowed_beta,0.5909090909090909,after,0.16735537190082642,0.5260930958967791
0,137,1,0,constant,0.5,after,0.25,0.6931471805599453
0,137,1,0,cumulative_beta,0.5352112676056338,after,0.2864511009720293,0.7661723155748351
0,137,1,0,windowed_beta,0.2727272727272727,after,0.07438016528925619,0.3184537311185346
0,138,0,1,constant,0.5,after,0.25,0.6931471805599453
0,138,0,1,cumulative_beta,0.2571428571428571,after,0.5518367346938776,1.3581234841531944
0,138,0,1,windowed_beta,0.6363636363636364,after,0.1322314049586777,0.45198512374305727
0,139,0,1,constant,0.5,after,0.25,0.6931471805599453
0,139,0,1,cumulative_beta,0.2676056338028169,after,0.5364015076373736,1.318240897874875
0,139,0,1,windowed_beta,0.6818181818181818,after,0.10123966942148764,0.38299225225610584
0,140,1,0,constant,0.5,after,0.25,0.6931471805599453
0,140,1,0,cumulative_beta,0.5277777777777778,after,0.2785493827160494,0.750305594399894
0,140,1,0,windowed_beta,0.2727272727272727,after,0.07438016528925619,0.3184537311185346
0,141,1,1,constant,0.5,after,0.25,0.6931471805599453
0,141,1,1,cumulative_beta,0.5205479452054794,after,0.22987427284668796,0.6528732814220054
0,141,1,1,windowed_beta,0.2727272727272727,after,0.5289256198347108,1.2992829841302609
0,142,1,1,constant,0.5,after,0.25,0.6931471805599453
0,142,1,1,cumulative_beta,0.527027027027027,after,0.22370343316289268,0.6405034470745234
0,142,1,1,windowed_beta,0.3181818181818182,after,0.4648760330578513,1.1451323043030026
0,143,0,0,constant,0.5,after,0.25,0.6931471805599453
0,143,0,0,cumulative_beta,0.2777777777777778,after,0.0771604938271605,0.325422400434628
0,143,0,0,windowed_beta,0.7272727272727273,after,0.5289256198347108,1.2992829841302609
0,144,0,1,constant,0.5,after,0.25,0.6931471805599453
0,144,0,1,cumulative_beta,0.273972602739726,after,0.5271157815725277,1.2947271675944
0,144,0,1,windowed_beta,0.7272727272727273,after,0.07438016528925619,0.3184537311185346
0,145,0,1,constant,0.5,after,0.25,0.6931471805599453
0,145,0,1,cumulative_beta,0.28378378378378377,after,0.5129656683710738,1.2595426554807467
0,145,0,1,windowed_beta,0.7727272727272727,after,0.05165289256198348,0.2578291093020998
0,146,1,0,constant,0.5,after,0.25,0.6931471805599453
0,146,1,0,cumulative_beta,0.5333333333333333,after,0.28444444444444444,0.7621400520468967
0,146,1,0,windowed_beta,0.36363636363636365,after,0.1322314049586777,0.45198512374305727
0,147,0,0,constant,0.5,after,0.25,0.6931471805599453
0,147,0,0,cumulative_beta,0.29333333333333333,after,0.08604444444444445,0.3471961999841886
0,147,0,0,windowed_beta,0.7727272727272727,after,0.5971074380165289,1.4816045409242153
0,148,1,0,constant,0.5,after,0.25,0.6931471805599453
0,148,1,0,cumulative_beta,0.5263157894736842,after,0.27700831024930744,0.747214401830221
0,148,1,0,windowed_beta,0.36363636363636365,after,0.1322314049586777,0.45198512374305727
0,149,0,1,constant,0.5,after,0.25,0.6931471805599453
0,149,0,1,cumulative_beta,0.2894736842105263,after,0.5048476454293629,1.2396908869280152
0,149,0,1,windowed_beta,0.7272727272727273,after,0.07438016528925619,0.3184537311185346
0,150,0,1,constant,0.5,after,0.25,0.6931471805599453
0,150,0,1,cumulative_beta,0.2987012987012987,after,0.4918198684432451,1.2083112059245342
0,150,0,1,windowed_beta,0.7727272727272727,after,0.05165289256198348,0.2578291093020998
0,151,1,0,constant,0.5,after,0.25,0.6931471805599453
0,151,1,0,cumulative_beta,0.5194805194805194,after,0.2698600101197503,0.7328875092094593
0,151,1,0,windowed_beta,0.3181818181818182,after,0.1012396694214876,0.3829922522561057
0,152,1,1,constant,0.5,after,0.25,0.6931471805599453
0,152,1,1,cumulative_beta,0.5128205128205128,after,0.23734385272846817,0.6678293725756556
0,152,1,1,windowed_beta,0.2727272727272727,after,0.5289256198347108,1.2992829841302609
0,153,1,0,constant,0.5,after,0.25,0.6931471805599453
0,153,1,0,cumulative_beta,0.5189873417721519,after,0.2693478609197244,0.7318616927406357
0,153,1,0,windowed_beta,0.3181818181818182,after,0.1012396694214876,0.3829922522561057
0,154,1,0,constant,0.5,after,0.25,0.6931471805599453
0,154,1,0,cumulative_beta,0.5125,after,0.26265625,0.7184649885442351
0,154,1,0,windowed_beta,0.3181818181818182,after,0.1012396694214876,0.3829922522561057
0,155,0,1,constant,0.5,after,0.25,0.6931471805599453
0,155,0,1,cumulative_beta,0.3076923076923077,after,0.4792899408284023,1.1786549963416462
0,155,0,1,windowed_beta,0.7727272727272727,after,0.05165289256198348,0.2578291093020998
0,156,0,1,constant,0.5,after,0.25,0.6931471805599453
0,156,0,1,cumulative_beta,0.31645569620253167,after,0.4672328152539657,1.1505720275988207
0,156,0,1,windowed_beta,0.7727272727272727,after,0.05165289256198348,0.2578291093020998
0,157,1,0,constant,0.5,after,0.25,0.6931471805599453
0,157,1,0,cumulative_beta,0.5061728395061729,after,0.25621094345374185,0.7055697005585025
0,157,1,0,windowed_beta,0.3181818181818182,after,0.1012396694214876,0.3829922522561057
0,158,0,1,constant,0.5,after,0.25,0.6931471805599453
0,158,0,1,cumulative_beta,0.325,after,0.45562500000000006,1.1239300966523995
0,158,0,1,windowed_beta,0.8181818181818182,after,0.0330578512396694,0.2006706954621511
0,159,1,0,constant,0.5,after,0.25,0.6931471805599453
0,159,1,0,cumulative_beta,0.5,after,0.25,0.6931471805599453
0,159,1,0,windowed_beta,0.3181818181818182,after,0.1012396694214876,0.3829922522561057
0,160,0,1,constant,0.5,after,0.25,0.6931471805599453
0,160,0,1,cumulative_beta,0.3333333333333333,after,0.44444444444444453,1.0986122886681098
0,160,0,1,windowed_beta,0.8181818181818182,after,0.0330578512396694,0.2006706954621511
0,161,1,0,constant,0.5,after,0.25,0.6931471805599453
0,161,1,0,cumulative_beta,0.4939759036144578,after,0.2440121933517201,0.6811709895132295
0,161,1,0,windowed_beta,0.3181818181818182,after,0.1012396694214876,0.3829922522561057
0,162,0,1,constant,0.5,after,0.25,0.6931471805599453
0,162,0,1,cumulative_beta,0.34146341463414637,after,0.43367043426531815,1.074514737089049
0,162,0,1,windowed_beta,0.8181818181818182,after,0.0330578512396694,0.2006706954621511
0,163,0,1,constant,0.5,after,0.25,0.6931471805599453
0,163,0,1,cumulative_beta,0.3493975903614458,after,0.4232834954274931,1.051544777810124
0,163,0,1,windowed_beta,0.8181818181818182,after,0.0330578512396694,0.2006706954621511
0,164,0,1,constant,0.5,after,0.25,0.6931471805599453
0,164,0,1,cumulative_beta,0.35714285714285715,after,0.4132653061224489,1.0296194171811581
0,164,0,1,windowed_beta,0.8636363636363636,after,0.018595041322314047,0.1466034741918754
0,165,1,0,constant,0.5,after,0.25,0.6931471805599453
0,165,1,0,cumulative_beta,0.4880952380952381,after,0.23823696145124715,0.6696166831497513
0,165,1,0,windowed_beta,0.3181818181818182,after,0.1012396694214876,0.3829922522561057
0,166,0,0,constant,0.5,after,0.25,0.6931471805599453
0,166,0,0,cumulative_beta,0.36470588235294116,after,0.13301038062283735,0.45366720992604215
0,166,0,0,windowed_beta,0.8636363636363636,after,0.7458677685950413,1.9924301646902063
0,167,0,1,constant,0.5,after,0.25,0.6931471805599453
0,167,0,1,cumulative_beta,0.36046511627906974,after,0.4090048674959438,1.0203600917683615
0,167,0,1,windowed_beta,0.8181818181818182,after,0.0330578512396694,0.2006706954621511
0,168,0,1,constant,0.5,after,0.25,0.6931471805599453
0,168,0,1,cumulative_beta,0.367816091954023,after,0.39965649359228433,1.0001722158548572
0,168,0,1,windowed_beta,0.8181818181818182,after,0.0330578512396694,0.2006706954621511
0,169,1,1,constant,0.5,after,0.25,0.6931471805599453
0,169,1,1,cumulative_beta,0.4823529411764706,after,0.26795847750865043,0.7290791897860086
0,169,1,1,windowed_beta,0.2727272727272727,after,0.5289256198347108,1.2992829841302609
0,170,1,0,constant,0.5,after,0.25,0.6931471805599453
0,170,1,0,cumulative_beta,0.4883720930232558,after,0.23850730124391561,0.6701576623352465
0,170,1,0,windowed_beta,0.2727272727272727,after,0.07438016528925619,0.3184537311185346
0,171,1,0,constant,0.5,after,0.25,0.6931471805599453
0,171,1,0,cumulative_beta,0.4827586206896552,after,0.2330558858501784,0.6592456288842641
0,171,1,0,windowed_beta,0.2727272727272727,after,0.07438016528925619,0.3184537311185346
0,172,0,1,constant,0.5,after,0.25,0.6931471805599453
0,172,0,1,cumulative_beta,0.375,after,0.390625,0.9808292530117262
0,172,0,1,windowed_beta,0.8181818181818182,after,0.0330578512396694,0.2006706954621511
0,173,1,0,constant,0.5,after,0.25,0.6931471805599453
0,173,1,0,cumulative_beta,0.4772727272727273,after,0.22778925619834714,0.6486954179891115
0,173,1,0,windowed_beta,0.22727272727272727,after,0.051652892561983466,0.2578291093020998
0,174,1,0,constant,0.5,after,0.25,0.6931471805599453
0,174,1,0,cumulative_beta,0.47191011235955055,after,0.22269915414720362,0.6384887680220813
0,174,1,0,windowed_beta,0.22727272727272727,after,0.051652892561983466,0.2578291093020998
0,175,0,0,constant,0.5,after,0.25,0.6931471805599453
0,175,0,0,cumulative_beta,0.38202247191011235,after,0.1459411690443126,0.48130318449966897
0,175,0,0,windowed_beta,0.8181818181818182,after,0.6694214876033059,1.7047480922384255
0,176,0,1,constant,0.5,after,0.25,0.6931471805599453
0,176,0,1,cumulative_beta,0.37777777777777777,after,0.3871604938271605,0.9734491457141037
0,176,0,1,windowed_beta,0.7727272727272727,after,0.05165289256198348,0.2578291093020998
0,177,1,0,constant,0.5,after,0.25,0.6931471805599453
0,177,1,0,cumulative_beta,0.4666666666666667,after,0.2177777777777778,0.6286086594223742
0,177,1,0,windowed_beta,0.22727272727272727,after,0.051652892561983466,0.2578291093020998
0,178,1,0,constant,0.5,after,0.25,0.6931471805599453
0,178,1,0,cumulative_beta,0.46153846153846156,after,0.21301775147928997,0.6190392084062235
0,178,1,0,windowed_beta,0.22727272727272727,after,0.051652892561983466,0.2578291093020998
0,179,1,0,constant,0.5,after,0.25,0.6931471805599453
0,179,1,0,cumulative_beta,0.45652173913043476,after,0.2084120982986767,0.6097655716208943
0,179,1,0,windowed_beta,0.22727272727272727,after,0.051652892561983466,0.2578291093020998
0,180,1,0,constant,0.5,after,0.25,0.6931471805599453
0,180,1,0,cumulative_beta,0.45161290322580644,after,0.2039542143600416,0.6007738604289302
0,180,1,0,windowed_beta,0.22727272727272727,after,0.051652892561983466,0.2578291093020998
0,181,1,0,constant,0.5,after,0.25,0.6931471805599453
0,181,1,0,cumulative_beta,0.44680851063829785,after,0.19963784517881392,0.5920510636885765
0,181,1,0,windowed_beta,0.18181818181818182,after,0.03305785123966942,0.20067069546215124
0,182,1,0,constant,0.5,after,0.25,0.6931471805599453
0,182,1,0,cumulative_beta,0.4421052631578947,after,0.19545706371191135,0.583584978048419
0,182,1,0,windowed_beta,0.13636363636363635,after,0.018595041322314047,0.1466034741918754
0,183,1,0,constant,0.5,after,0.25,0.6931471805599453
0,183,1,0,cumulative_beta,0.4375,after,0.19140625,0.5753641449035618
0,183,1,0,windowed_beta,0.13636363636363635,after,0.018595041322314047,0.1466034741918754
0,184,1,0,constant,0.5,after,0.25,0.6931471805599453
0,184,1,0,cumulative_beta,0.4329896907216495,after,0.18748007227122968,0.567377793270912
0,184,1,0,windowed_beta,0.13636363636363635,after,0.018595041322314047,0.1466034741918754
0,185,0,1,constant,0.5,after,0.25,0.6931471805599453
0,185,0,1,cumulative_beta,0.38461538461538464,after,0.37869822485207105,0.9555114450274363
0,185,0,1,windowed_beta,0.7727272727272727,after,0.05165289256198348,0.2578291093020998
0,186,1,1,constant,0.5,after,0.25,0.6931471805599453
0,186,1,1,cumulative_beta,0.42857142857142855,after,0.32653061224489793,0.8472978603872037
0,186,1,1,windowed_beta,0.13636363636363635,after,0.7458677685950413,1.9924301646902063
0,187,0,1,constant,0.5,after,0.25,0.6931471805599453
0,187,0,1,cumulative_beta,0.391304347826087,after,0.37051039697542537,0.9382696385929302
0,187,0,1,windowed_beta,0.7727272727272727,after,0.05165289256198348,0.2578291093020998
0,188,0,1,constant,0.5,after,0.25,0.6931471805599453
0,188,0,1,cumulative_beta,0.3978494623655914,after,0.36258526997340734,0.9216815805090316
0,188,0,1,windowed_beta,0.8181818181818182,after,0.0330578512396694,0.2006706954621511
0,189,0,1,constant,0.5,after,0.25,0.6931471805599453
0,189,0,1,cumulative_beta,0.40425531914893614,after,0.35491172476233585,0.9057086225436182
0,189,0,1,windowed_beta,0.8181818181818182,after,0.0330578512396694,0.2006706954621511
0,190,0,1,constant,0.5,after,0.25,0.6931471805599453
0,190,0,1,cumulative_beta,0.4105263157894737,after,0.34747922437673134,0.8903152454708944
0,190,0,1,windowed_beta,0.8181818181818182,after,0.0330578512396694,0.2006706954621511
0,191,0,1,constant,0.5,after,0.25,0.6931471805599453
0,191,0,1,cumulative_beta,0.4166666666666667,after,0.3402777777777777,0.8754687373538999
0,191,0,1,windowed_beta,0.8636363636363636,after,0.018595041322314047,0.1466034741918754
0,192,1,0,constant,0.5,after,0.25,0.6931471805599453
0,192,1,0,cumulative_beta,0.43434343434343436,after,0.1886542189572493,0.5697681593994407
0,192,1,0,windowed_beta,0.13636363636363635,after,0.018595041322314047,0.1466034741918754
0,193,1,0,constant,0.5,after,0.25,0.6931471805599453
0,193,1,0,cumulative_beta,0.43,after,0.18489999999999998,0.5621189181535411
0,193,1,0,windowed_beta,0.13636363636363635,after,0.018595041322314047,0.1466034741918754
0,194,1,0,constant,0.5,after,0.25,0.6931471805599453
0,194,1,0,cumulative_beta,0.42574257425742573,after,0.18125673953533966,0.55467750629484
0,194,1,0,windowed_beta,0.13636363636363635,after,0.018595041322314047,0.1466034741918754
0,195,0,1,constant,0.5,after,0.25,0.6931471805599453
0,195,0,1,cumulative_beta,0.422680412371134,after,0.3332979062599638,0.861138911799075
0,195,0,1,windowed_beta,0.8636363636363636,after,0.018595041322314047,0.1466034741918754
0,196,1,0,constant,0.5,after,0.25,0.6931471805599453
0,196,1,0,cumulative_beta,0.4215686274509804,after,0.17772010765090349,0.5474353693785518
0,196,1,0,windowed_beta,0.13636363636363635,after,0.018595041322314047,0.1466034741918754
0,197,0,1,constant,0.5,after,0.25,0.6931471805599453
0,197,0,1,cumulative_beta,0.42857142857142855,after,0.32653061224489793,0.8472978603872037
0,197,0,1,windowed_beta,0.8636363636363636,after,0.018595041322314047,0.1466034741918754
0,198,1,0,constant,0.5,after,0.25,0.6931471805599453
0,198,1,0,cumulative_beta,0.4174757281553398,after,0.17428598359883116,0.5403844260075351
0,198,1,0,windowed_beta,0.13636363636363635,after,0.018595041322314047,0.1466034741918754
0,199,1,1,constant,0.5,after,0.25,0.6931471805599453
0,199,1,1,cumulative_beta,0.41346153846153844,after,0.34402736686390534,0.8831907834478103
0,199,1,1,windowed_beta,0.13636363636363635,after,0.7458677685950413,1.9924301646902063
1,0,1,1,constant,0.5,before,0.25,0.6931471805599453
1,0,1,1,cumulative_beta,0.5,before,0.25,0.6931471805599453
1,0,1,1,windowed_beta,0.5,before,0.25,0.6931471805599453
1,1,0,0,constant,0.5,before,0.25,0.6931471805599453
1,1,0,0,cumulative_beta,0.5,before,0.25,0.6931471805599453
1,1,0,0,windowed_beta,0.5,before,0.25,0.6931471805599453
1,2,0,0,constant,0.5,before,0.25,0.6931471805599453
1,2,0,0,cumulative_beta,0.3333333333333333,before,0.1111111111111111,0.4054651081081643
1,2,0,0,windowed_beta,0.3333333333333333,before,0.1111111111111111,0.4054651081081643
1,3,1,1,constant,0.5,before,0.25,0.6931471805599453
1,3,1,1,cumulative_beta,0.6666666666666666,before,0.11111111111111113,0.40546510810816444
1,3,1,1,windowed_beta,0.6666666666666666,before,0.11111111111111113,0.40546510810816444
1,4,0,0,constant,0.5,before,0.25,0.6931471805599453
1,4,0,0,cumulative_beta,0.25,before,0.0625,0.2876820724517809
1,4,0,0,windowed_beta,0.25,before,0.0625,0.2876820724517809
1,5,0,0,constant,0.5,before,0.25,0.6931471805599453
1,5,0,0,cumulative_beta,0.2,before,0.04000000000000001,0.2231435513142097
1,5,0,0,windowed_beta,0.2,before,0.04000000000000001,0.2231435513142097
1,6,1,1,constant,0.5,before,0.25,0.6931471805599453
1,6,1,1,cumulative_beta,0.75,before,0.0625,0.2876820724517809
1,6,1,1,windowed_beta,0.75,before,0.0625,0.2876820724517809
1,7,1,1,constant,0.5,before,0.25,0.6931471805599453
1,7,1,1,cumulative_beta,0.8,before,0.03999999999999998,0.2231435513142097
1,7,1,1,windowed_beta,0.8,before,0.03999999999999998,0.2231435513142097
1,8,1,1,constant,0.5,before,0.25,0.6931471805599453
1,8,1,1,cumulative_beta,0.8333333333333334,before,0.027777777777777766,0.1823215567939546
1,8,1,1,windowed_beta,0.8333333333333334,before,0.027777777777777766,0.1823215567939546
1,9,1,1,constant,0.5,before,0.25,0.6931471805599453
1,9,1,1,cumulative_beta,0.8571428571428571,before,0.020408163265306135,0.15415067982725836
1,9,1,1,windowed_beta,0.8571428571428571,before,0.020408163265306135,0.15415067982725836
1,10,0,0,constant,0.5,before,0.25,0.6931471805599453
1,10,0,0,cumulative_beta,0.16666666666666666,before,0.027777777777777776,0.1823215567939546
1,10,0,0,windowed_beta,0.16666666666666666,before,0.027777777777777776,0.1823215567939546
1,11,1,1,constant,0.5,before,0.25,0.6931471805599453
1,11,1,1,cumulative_beta,0.875,before,0.015625,0.13353139262452263
1,11,1,1,windowed_beta,0.875,before,0.015625,0.13353139262452263
1,12,1,1,constant,0.5,before,0.25,0.6931471805599453
1,12,1,1,cumulative_beta,0.8888888888888888,before,0.01234567901234569,0.11778303565638351
1,12,1,1,windowed_beta,0.8888888888888888,before,0.01234567901234569,0.11778303565638351
1,13,1,1,constant,0.5,before,0.25,0.6931471805599453
1,13,1,1,cumulative_beta,0.9,before,0.009999999999999995,0.10536051565782628
1,13,1,1,windowed_beta,0.9,before,0.009999999999999995,0.10536051565782628
1,14,0,0,constant,0.5,before,0.25,0.6931471805599453
1,14,0,0,cumulative_beta,0.14285714285714285,before,0.02040816326530612,0.15415067982725822
1,14,0,0,windowed_beta,0.14285714285714285,before,0.02040816326530612,0.15415067982725822
1,15,0,0,constant,0.5,before,0.25,0.6931471805599453
1,15,0,0,cumulative_beta,0.125,before,0.015625,0.13353139262452263
1,15,0,0,windowed_beta,0.125,before,0.015625,0.13353139262452263
1,16,1,1,constant,0.5,before,0.25,0.6931471805599453
1,16,1,1,cumulative_beta,0.9090909090909091,before,0.00826446280991736,0.0953101798043249
1,16,1,1,windowed_beta,0.9090909090909091,before,0.00826446280991736,0.0953101798043249
1,17,1,0,constant,0.5,before,0.25,0.6931471805599453
1,17,1,0,cumulative_beta,0.9166666666666666,before,0.8402777777777777,2.484906649788
1,17,1,0,windowed_beta,0.9166666666666666,before,0.8402777777777777,2.484906649788
1,18,0,0,constant,0.5,before,0.25,0.6931471805599453
1,18,0,0,cumulative_beta,0.1111111111111111,before,0.012345679012345678,0.11778303565638351
1,18,0,0,windowed_beta,0.1111111111111111,before,0.012345679012345678,0.11778303565638351
1,19,1,1,constant,0.5,before,0.25,0.6931471805599453
1,19,1,1,cumulative_beta,0.8461538461538461,before,0.02366863905325444,0.1670540846631662
1,19,1,1,windowed_beta,0.8461538461538461,before,0.02366863905325444,0.1670540846631662
1,20,1,1,constant,0.5,before,0.25,0.6931471805599453
1,20,1,1,cumulative_beta,0.8571428571428571,before,0.020408163265306135,0.15415067982725836
1,20,1,1,windowed_beta,0.8571428571428571,before,0.020408163265306135,0.15415067982725836
1,21,0,0,constant,0.5,before,0.25,0.6931471805599453
1,21,0,0,cumulative_beta,0.1,before,0.010000000000000002,0.10536051565782628
1,21,0,0,windowed_beta,0.1,before,0.010000000000000002,0.10536051565782628
1,22,1,0,constant,0.5,before,0.25,0.6931471805599453
1,22,1,0,cumulative_beta,0.8666666666666667,before,0.7511111111111112,2.014903020542265
1,22,1,0,windowed_beta,0.8666666666666667,before,0.7511111111111112,2.014903020542265
1,23,1,1,constant,0.5,before,0.25,0.6931471805599453
1,23,1,1,cumulative_beta,0.8125,before,0.03515625,0.2076393647782445
1,23,1,1,windowed_beta,0.8125,before,0.03515625,0.2076393647782445
1,24,0,0,constant,0.5,before,0.25,0.6931471805599453
1,24,0,0,cumulative_beta,0.09090909090909091,before,0.008264462809917356,0.0953101798043249
1,24,0,0,windowed_beta,0.09090909090909091,before,0.008264462809917356,0.0953101798043249
1,25,0,0,constant,0.5,before,0.25,0.6931471805599453
1,25,0,0,cumulative_beta,0.08333333333333333,before,0.006944444444444444,0.08701137698962981
1,25,0,0,windowed_beta,0.08333333333333333,before,0.006944444444444444,0.08701137698962981
1,26,1,1,constant,0.5,before,0.25,0.6931471805599453
1,26,1,1,cumulative_beta,0.8235294117647058,before,0.03114186851211074,0.1941560144409575
1,26,1,1,windowed_beta,0.8235294117647058,before,0.03114186851211074,0.1941560144409575
1,27,1,1,constant,0.5,before,0.25,0.6931471805599453
1,27,1,1,cumulative_beta,0.8333333333333334,before,0.027777777777777766,0.1823215567939546
1,27,1,1,windowed_beta,0.8333333333333334,before,0.027777777777777766,0.1823215567939546
1,28,0,0,constant,0.5,before,0.25,0.6931471805599453
1,28,0,0,cumulative_beta,0.07692307692307693,before,0.00591715976331361,0.08004270767353637
1,28,0,0,windowed_beta,0.07692307692307693,before,0.00591715976331361,0.08004270767353637
1,29,1,1,constant,0.5,before,0.25,0.6931471805599453
1,29,1,1,cumulative_beta,0.8421052631578947,before,0.02493074792243769,0.17185025692665928
1,29,1,1,windowed_beta,0.8421052631578947,before,0.02493074792243769,0.17185025692665928
1,30,0,0,constant,0.5,before,0.25,0.6931471805599453
1,30,0,0,cumulative_beta,0.07142857142857142,before,0.00510204081632653,0.07410797215372185
1,30,0,0,windowed_beta,0.07142857142857142,before,0.00510204081632653,0.07410797215372185
1,31,1,1,constant,0.5,before,0.25,0.6931471805599453
1,31,1,1,cumulative_beta,0.85,before,0.022500000000000006,0.16251892949777494
1,31,1,1,windowed_beta,0.85,before,0.022500000000000006,0.16251892949777494
1,32,1,1,constant,0.5,before,0.25,0.6931471805599453
1,32,1,1,cumulative_beta,0.8571428571428571,before,0.020408163265306135,0.15415067982725836
1,32,1,1,windowed_beta,0.8571428571428571,before,0.020408163265306135,0.15415067982725836
1,33,0,0,constant,0.5,before,0.25,0.6931471805599453
1,33,0,0,cumulative_beta,0.06666666666666667,before,0.0044444444444444444,0.06899287148695143
1,33,0,0,windowed_beta,0.06666666666666667,before,0.0044444444444444444,0.06899287148695143
1,34,1,1,constant,0.5,before,0.25,0.6931471805599453
1,34,1,1,cumulative_beta,0.8636363636363636,before,0.018595041322314047,0.1466034741918754
1,34,1,1,windowed_beta,0.8636363636363636,before,0.018595041322314047,0.1466034741918754
1,35,1,1,constant,0.5,before,0.25,0.6931471805599453
1,35,1,1,cumulative_beta,0.8695652173913043,before,0.0170132325141777,0.13976194237515874
1,35,1,1,windowed_beta,0.8636363636363636,before,0.018595041322314047,0.1466034741918754
1,36,0,0,constant,0.5,before,0.25,0.6931471805599453
1,36,0,0,cumulative_beta,0.0625,before,0.00390625,0.06453852113757118
1,36,0,0,windowed_beta,0.0625,before,0.00390625,0.06453852113757118
1,37,0,0,constant,0.5,before,0.25,0.6931471805599453
1,37,0,0,cumulative_beta,0.058823529411764705,before,0.0034602076124567475,0.060624621816434854
1,37,0,0,windowed_beta,0.058823529411764705,before,0.0034602076124567475,0.060624621816434854
1,38,0,0,constant,0.5,before,0.25,0.6931471805599453
1,38,0,0,cumulative_beta,0.05555555555555555,before,0.0030864197530864196,0.05715841383994864
1,38,0,0,windowed_beta,0.05555555555555555,before,0.0030864197530864196,0.05715841383994864
1,39,1,1,constant,0.5,before,0.25,0.6931471805599453
1,39,1,1,cumulative_beta,0.875,before,0.015625,0.13353139262452263
1,39,1,1,windowed_beta,0.8636363636363636,before,0.018595041322314047,0.1466034741918754
1,40,1,0,constant,0.5,before,0.25,0.6931471805599453
1,40,1,0,cumulative_beta,0.88,before,0.7744,2.120263536200091
1,40,1,0,windowed_beta,0.8636363636363636,before,0.7458677685950413,1.9924301646902063
1,41,1,0,constant,0.5,before,0.25,0.6931471805599453
1,41,1,0,cumulative_beta,0.8461538461538461,before,0.7159763313609467,1.8718021769015913
1,41,1,0,windowed_beta,0.8181818181818182,before,0.6694214876033059,1.7047480922384255
1,42,1,1,constant,0.5,before,0.25,0.6931471805599453
1,42,1,1,cumulative_beta,0.8148148148148148,before,0.034293552812071346,0.20479441264601328
1,42,1,1,windowed_beta,0.7727272727272727,before,0.05165289256198348,0.2578291093020998
1,43,0,0,constant,0.5,before,0.25,0.6931471805599453
1,43,0,0,cumulative_beta,0.05263157894736842,before,0.0027700831024930744,0.0540672212702757
1,43,0,0,windowed_beta,0.05263157894736842,before,0.0027700831024930744,0.0540672212702757
1,44,1,1,constant,0.5,before,0.25,0.6931471805599453
1,44,1,1,cumulative_beta,0.8214285714285714,before,0.03188775510204083,0.19671029424605427
1,44,1,1,windowed_beta,0.7727272727272727,before,0.05165289256198348,0.2578291093020998
1,45,1,1,constant,0.5,before,0.25,0.6931471805599453
1,45,1,1,cumulative_beta,0.8275862068965517,before,0.02972651605231867,0.18924199963852842
1,45,1,1,windowed_beta,0.7727272727272727,before,0.05165289256198348,0.2578291093020998
1,46,0,0,constant,0.5,before,0.25,0.6931471805599453
1,46,0,0,cumulative_beta,0.05,before,0.0025000000000000005,0.05129329438755058
1,46,0,0,windowed_beta,0.05,before,0.0025000000000000005,0.05129329438755058
1,47,0,0,constant,0.5,before,0.25,0.6931471805599453
1,47,0,0,cumulative_beta,0.047619047619047616,before,0.0022675736961451243,0.048790164169432056
1,47,0,0,windowed_beta,0.047619047619047616,before,0.0022675736961451243,0.048790164169432056
1,48,0,0,constant,0.5,before,0.25,0.6931471805599453
1,48,0,0,cumulative_beta,0.045454545454545456,before,0.002066115702479339,0.04652001563489282
1,48,0,0,windowed_beta,0.045454545454545456,before,0.002066115702479339,0.04652001563489282
1,49,1,1,constant,0.5,before,0.25,0.6931471805599453
1,49,1,1,cumulative_beta,0.8333333333333334,before,0.027777777777777766,0.1823215567939546
1,49,1,1,windowed_beta,0.7727272727272727,before,0.05165289256198348,0.2578291093020998
1,50,1,1,constant,0.5,before,0.25,0.6931471805599453
1,50,1,1,cumulative_beta,0.8387096774193549,before,0.026014568158168563,0.17589066646366416
1,50,1,1,windowed_beta,0.7727272727272727,before,0.05165289256198348,0.2578291093020998
1,51,0,0,constant,0.5,before,0.25,0.6931471805599453
1,51,0,0,cumulative_beta,0.043478260869565216,before,0.0018903591682419658,0.04445176257083381
1,51,0,0,windowed_beta,0.045454545454545456,before,0.002066115702479339,0.04652001563489282
1,52,1,0,constant,0.5,before,0.25,0.6931471805599453
1,52,1,0,cumulative_beta,0.84375,before,0.7119140625,1.8562979903656263
1,52,1,0,windowed_beta,0.7727272727272727,before,0.5971074380165289,1.4816045409242153
1,53,0,0,constant,0.5,before,0.25,0.6931471805599453
1,53,0,0,cumulative_beta,0.041666666666666664,before,0.001736111111111111,0.04255961441879589
1,53,0,0,windowed_beta,0.045454545454545456,before,0.002066115702479339,0.04652001563489282
1,54,0,0,constant,0.5,before,0.25,0.6931471805599453
1,54,0,0,cumulative_beta,0.04,before,0.0016,0.040821994520255166
1,54,0,0,windowed_beta,0.045454545454545456,before,0.002066115702479339,0.04652001563489282
1,55,0,0,constant,0.5,before,0.25,0.6931471805599453
1,55,0,0,cumulative_beta,0.038461538461538464,before,0.0014792899408284025,0.03922071315328127
1,55,0,0,windowed_beta,0.045454545454545456,before,0.002066115702479339,0.04652001563489282
1,56,0,1,constant,0.5,before,0.25,0.6931471805599453
1,56,0,1,cumulative_beta,0.037037037037037035,before,0.9272976680384089,3.295836866004329
1,56,0,1,windowed_beta,0.045454545454545456,before,0.9111570247933886,3.0910424533583156
1,57,1,1,constant,0.5,before,0.25,0.6931471805599453
1,57,1,1,cumulative_beta,0.8181818181818182,before,0.0330578512396694,0.2006706954621511
1,57,1,1,windowed_beta,0.7727272727272727,before,0.05165289256198348,0.2578291093020998
1,58,1,1,constant,0.5,before,0.25,0.6931471805599453
1,58,1,1,cumulative_beta,0.8235294117647058,before,0.03114186851211074,0.1941560144409575
1,58,1,1,windowed_beta,0.7727272727272727,before,0.05165289256198348,0.2578291093020998
1,59,1,1,constant,0.5,before,0.25,0.6931471805599453
1,59,1,1,cumulative_beta,0.8285714285714286,before,0.029387755102040797,0.1880522315029396
1,59,1,1,windowed_beta,0.7727272727272727,before,0.05165289256198348,0.2578291093020998
1,60,1,1,constant,0.5,before,0.25,0.6931471805599453
1,60,1,1,cumulative_beta,0.8333333333333334,before,0.027777777777777766,0.1823215567939546
1,60,1,1,windowed_beta,0.8181818181818182,before,0.0330578512396694,0.2006706954621511
1,61,0,0,constant,0.5,before,0.25,0.6931471805599453
1,61,0,0,cumulative_beta,0.07142857142857142,before,0.00510204081632653,0.07410797215372185
1,61,0,0,windowed_beta,0.09090909090909091,before,0.008264462809917356,0.0953101798043249
1,62,1,1,constant,0.5,before,0.25,0.6931471805599453
1,62,1,1,cumulative_beta,0.8378378378378378,before,0.02629656683710738,0.17693070815907821
1,62,1,1,windowed_beta,0.8181818181818182,before,0.0330578512396694,0.2006706954621511
1,63,1,1,constant,0.5,before,0.25,0.6931471805599453
1,63,1,1,cumulative_beta,0.8421052631578947,before,0.02493074792243769,0.17185025692665928
1,63,1,1,windowed_beta,0.8181818181818182,before,0.0330578512396694,0.2006706954621511
1,64,0,0,constant,0.5,before,0.25,0.6931471805599453
1,64,0,0,cumulative_beta,0.06896551724137931,before,0.0047562425683709865,0.07145896398214498
1,64,0,0,windowed_beta,0.09090909090909091,before,0.008264462809917356,0.0953101798043249
1,65,1,1,constant,0.5,before,0.25,0.6931471805599453
1,65,1,1,cumulative_beta,0.8461538461538461,before,0.02366863905325444,0.1670540846631662
1,65,1,1,windowed_beta,0.8181818181818182,before,0.0330578512396694,0.2006706954621511
1,66,1,1,constant,0.5,before,0.25,0.6931471805599453
1,66,1,1,cumulative_beta,0.85,before,0.022500000000000006,0.16251892949777494
1,66,1,1,windowed_beta,0.8181818181818182,before,0.0330578512396694,0.2006706954621511
1,67,1,1,constant,0.5,before,0.25,0.6931471805599453
1,67,1,1,cumulative_beta,0.8536585365853658,before,0.02141582391433671,0.15822400521489416
1,67,1,1,windowed_beta,0.8181818181818182,before,0.0330578512396694,0.2006706954621511
1,68,0,0,constant,0.5,before,0.25,0.6931471805599453
1,68,0,0,cumulative_beta,0.06666666666666667,before,0.0044444444444444444,0.06899287148695143
1,68,0,0,windowed_beta,0.09090909090909091,before,0.008264462809917356,0.0953101798043249
1,69,0,0,constant,0.5,before,0.25,0.6931471805599453
1,69,0,0,cumulative_beta,0.06451612903225806,before,0.004162330905306971,0.06669137449867216
1,69,0,0,windowed_beta,0.09090909090909091,before,0.008264462809917356,0.0953101798043249
1,70,1,1,constant,0.5,before,0.25,0.6931471805599453
1,70,1,1,cumulative_beta,0.8571428571428571,before,0.020408163265306135,0.15415067982725836
1,70,1,1,windowed_beta,0.8181818181818182,before,0.0330578512396694,0.2006706954621511
1,71,0,1,constant,0.5,before,0.25,0.6931471805599453
1,71,0,1,cumulative_beta,0.0625,before,0.87890625,2.772588722239781
1,71,0,1,windowed_beta,0.09090909090909091,before,0.8264462809917354,2.3978952727983707
1,72,1,1,constant,0.5,before,0.25,0.6931471805599453
1,72,1,1,cumulative_beta,0.8604651162790697,before,0.01946998377501353,0.150282203049338
1,72,1,1,windowed_beta,0.8181818181818182,before,0.0330578512396694,0.2006706954621511
1,73,0,0,constant,0.5,before,0.25,0.6931471805599453
1,73,0,0,cumulative_beta,0.09090909090909091,before,0.008264462809917356,0.0953101798043249
1,73,0,0,windowed_beta,0.13636363636363635,before,0.018595041322314047,0.1466034741918754
1,74,0,0,constant,0.5,before,0.25,0.6931471805599453
1,74,0,0,cumulative_beta,0.08823529411764706,before,0.007785467128027683,0.09237332013101517
1,74,0,0,windowed_beta,0.13636363636363635,before,0.018595041322314047,0.1466034741918754
1,75,0,0,constant,0.5,before,0.25,0.6931471805599453
1,75,0,0,cumulative_beta,0.08571428571428572,before,0.007346938775510205,0.08961215868968717
1,75,0,0,windowed_beta,0.13636363636363635,before,0.018595041322314047,0.1466034741918754
1,76,0,0,constant,0.5,before,0.25,0.6931471805599453
1,76,0,0,cumulative_beta,0.08333333333333333,before,0.006944444444444444,0.08701137698962981
1,76,0,0,windowed_beta,0.13636363636363635,before,0.018595041322314047,0.1466034741918754
1,77,1,1,constant,0.5,before,0.25,0.6931471805599453
1,77,1,1,cumulative_beta,0.8636363636363636,before,0.018595041322314047,0.1466034741918754
1,77,1,1,windowed_beta,0.8181818181818182,before,0.0330578512396694,0.2006706954621511
1,78,1,1,constant,0.5,before,0.25,0.6931471805599453
1,78,1,1,cumulative_beta,0.8666666666666667,before,0.01777777777777777,0.1431008436406733
1,78,1,1,windowed_beta,0.8181818181818182,before,0.0330578512396694,0.2006706954621511
1,79,1,0,constant,0.5,before,0.25,0.6931471805599453
1,79,1,0,cumulative_beta,0.8695652173913043,before,0.7561436672967864,2.0368819272610397
1,79,1,0,windowed_beta,0.8636363636363636,before,0.7458677685950413,1.9924301646902063
1,80,1,1,constant,0.5,before,0.25,0.6931471805599453
1,80,1,1,cumulative_beta,0.851063829787234,before,0.02218198279764599,0.16126814759612226
1,80,1,1,windowed_beta,0.8636363636363636,before,0.018595041322314047,0.1466034741918754
1,81,1,1,constant,0.5,before,0.25,0.6931471805599453
1,81,1,1,cumulative_beta,0.8541666666666666,before,0.021267361111111122,0.15762894420358317
1,81,1,1,windowed_beta,0.8636363636363636,before,0.018595041322314047,0.1466034741918754
1,82,0,0,constant,0.5,before,0.25,0.6931471805599453
1,82,0,0,cumulative_beta,0.08108108108108109,before,0.006574141709276845,0.08455738802806312
1,82,0,0,windowed_beta,0.13636363636363635,before,0.018595041322314047,0.1466034741918754
1,83,1,1,constant,0.5,before,0.25,0.6931471805599453
1,83,1,1,cumulative_beta,0.8571428571428571,before,0.020408163265306135,0.15415067982725836
1,83,1,1,windowed_beta,0.8636363636363636,before,0.018595041322314047,0.1466034741918754
1,84,0,0,constant,0.5,before,0.25,0.6931471805599453
1,84,0,0,cumulative_beta,0.07894736842105263,before,0.006232686980609418,0.08223809823697212
1,84,0,0,windowed_beta,0.13636363636363635,before,0.018595041322314047,0.1466034741918754
1,85,1,0,constant,0.5,before,0.25,0.6931471805599453
1,85,1,0,cumulative_beta,0.86,before,0.7395999999999999,1.9661128563728327
1,85,1,0,windowed_beta,0.8636363636363636,before,0.7458677685950413,1.9924301646902063
1,86,1,1,constant,0.5,before,0.25,0.6931471805599453
1,86,1,1,cumulative_beta,0.8431372549019608,before,0.024605920799692427,0.17062551703076334
1,86,1,1,windowed_beta,0.8181818181818182,before,0.0330578512396694,0.2006706954621511
1,87,1,1,constant,0.5,before,0.25,0.6931471805599453
1,87,1,1,cumulative_beta,0.8461538461538461,before,0.02366863905325444,0.1670540846631662
1,87,1,1,windowed_beta,0.8181818181818182,before,0.0330578512396694,0.2006706954621511
1,88,0,0,constant,0.5,before,0.25,0.6931471805599453
1,88,0,0,cumulative_beta,0.07692307692307693,before,0.00591715976331361,0.08004270767353637
1,88,0,0,windowed_beta,0.13636363636363635,before,0.018595041322314047,0.1466034741918754
1,89,0,0,constant,0.5,before,0.25,0.6931471805599453
1,89,0,0,cumulative_beta,0.075,before,0.005625,0.0779615414697118
1,89,0,0,windowed_beta,0.13636363636363635,before,0.018595041322314047,0.1466034741918754
1,90,1,0,constant,0.5,before,0.25,0.6931471805599453
1,90,1,0,cumulative_beta,0.8490566037735849,before,0.7208971164115344,1.8908503718722862
1,90,1,0,windowed_beta,0.8636363636363636,before,0.7458677685950413,1.9924301646902063
1,91,1,1,constant,0.5,before,0.25,0.6931471805599453
1,91,1,1,cumulative_beta,0.8333333333333334,before,0.027777777777777766,0.1823215567939546
1,91,1,1,windowed_beta,0.8181818181818182,before,0.0330578512396694,0.2006706954621511
1,92,0,0,constant,0.5,before,0.25,0.6931471805599453
1,92,0,0,cumulative_beta,0.07317073170731707,before,0.005353955978584175,0.07598590697792199
1,92,0,0,windowed_beta,0.13636363636363635,before,0.018595041322314047,0.1466034741918754
1,93,0,0,constant,0.5,before,0.25,0.6931471805599453
1,93,0,0,cumulative_beta,0.07142857142857142,before,0.00510204081632653,0.07410797215372185
1,93,0,0,windowed_beta,0.13636363636363635,before,0.018595041322314047,0.1466034741918754
1,94,1,0,constant,0.5,before,0.25,0.6931471805599453
1,94,1,0,cumulative_beta,0.8363636363636363,before,0.6995041322314048,1.8101086078962512
1,94,1,0,windowed_beta,0.8181818181818182,before,0.6694214876033059,1.7047480922384255
1,95,1,1,constant,0.5,before,0.25,0.6931471805599453
1,95,1,1,cumulative_beta,0.8214285714285714,before,0.03188775510204083,0.19671029424605427
1,95,1,1,windowed_beta,0.7727272727272727,before,0.05165289256198348,0.2578291093020998
1,96,1,0,constant,0.5,before,0.25,0.6931471805599453
1,96,1,0,cumulative_beta,0.8245614035087719,before,0.6799015081563559,1.7404661748405046
1,96,1,0,windowed_beta,0.7727272727272727,before,0.5971074380165289,1.4816045409242153
1,97,0,0,constant,0.5,before,0.25,0.6931471805599453
1,97,0,0,cumulative_beta,0.06976744186046512,before,0.0048674959437533805,0.07232066157962613
1,97,0,0,windowed_beta,0.13636363636363635,before,0.018595041322314047,0.1466034741918754
1,98,1,1,constant,0.5,before,0.25,0.6931471805599453
1,98,1,1,cumulative_beta,0.8103448275862069,before,0.035969084423305604,0.2102954088363608
1,98,1,1,windowed_beta,0.7272727272727273,before,0.07438016528925619,0.3184537311185346
1,99,1,1,constant,0.5,before,0.25,0.6931471805599453
1,99,1,1,cumulative_beta,0.8135593220338984,before,0.03476012640045962,0.20633643299782845
1,99,1,1,windowed_beta,0.7272727272727273,before,0.07438016528925619,0.3184537311185346
1,100,0,1,constant,0.5,after,0.25,0.6931471805599453
1,100,0,1,cumulative_beta,0.06818181818181818,after,0.8682851239669422,2.6855773452501515
1,100,0,1,windowed_beta,0.13636363636363635,after,0.7458677685950413,1.9924301646902063
1,101,1,0,constant,0.5,after,0.25,0.6931471805599453
1,101,1,0,cumulative_beta,0.8166666666666667,after,0.6669444444444445,1.69644928942373
1,101,1,0,windowed_beta,0.7272727272727273,after,0.5289256198347108,1.2992829841302609
1,102,0,1,constant,0.5,after,0.25,0.6931471805599453
1,102,0,1,cumulative_beta,0.08888888888888889,after,0.8301234567901234,2.4203681286504293
1,102,0,1,windowed_beta,0.18181818181818182,after,0.6694214876033057,1.7047480922384253
1,103,1,0,constant,0.5,after,0.25,0.6931471805599453
1,103,1,0,cumulative_beta,0.8032786885245902,after,0.6452566514377855,1.625967214385311
1,103,1,0,windowed_beta,0.6818181818181818,after,0.4648760330578512,1.1451323043030024
1,104,1,0,constant,0.5,after,0.25,0.6931471805599453
1,104,1,0,cumulative_beta,0.7903225806451613,after,0.6246097814776275,1.5621850275835547
1,104,1,0,windowed_beta,0.6363636363636364,after,0.4049586776859504,1.0116009116784799
1,105,0,1,constant,0.5,after,0.25,0.6931471805599453
1,105,0,1,cumulative_beta,0.10869565217391304,after,0.7944234404536862,2.2192034840549946
1,105,0,1,windowed_beta,0.22727272727272727,after,0.5971074380165289,1.4816045409242156
1,106,1,0,constant,0.5,after,0.25,0.6931471805599453
1,106,1,0,cumulative_beta,0.7777777777777778,after,0.6049382716049383,1.5040773967762742
1,106,1,0,windowed_beta,0.5909090909090909,after,0.3491735537190083,0.8938178760220965
1,107,1,0,constant,0.5,after,0.25,0.6931471805599453
1,107,1,0,cumulative_beta,0.765625,after,0.586181640625,1.4508328822574619
1,107,1,0,windowed_beta,0.5454545454545454,after,0.29752066115702475,0.78845736036427
1,108,0,1,constant,0.5,after,0.25,0.6931471805599453
1,108,0,1,cumulative_beta,0.1276595744680851,after,0.7609778180172024,2.0583881324820035
1,108,0,1,windowed_beta,0.2727272727272727,after,0.5289256198347108,1.2992829841302609
1,109,1,0,constant,0.5,after,0.25,0.6931471805599453
1,109,1,0,cumulative_beta,0.7538461538461538,after,0.5682840236686391,1.4017985476558559
1,109,1,0,windowed_beta,0.5,after,0.25,0.6931471805599453
1,110,0,1,constant,0.5,after,0.25,0.6931471805599453
1,110,0,1,cumulative_beta,0.14583333333333334,after,0.7296006944444444,1.9252908618525775
1,110,0,1,windowed_beta,0.2727272727272727,after,0.5289256198347108,1.2992829841302609
1,111,1,0,constant,0.5,after,0.25,0.6931471805599453
1,111,1,0,cumulative_beta,0.7424242424242424,after,0.5511937557392103,1.3564413979702095
1,111,1,0,windowed_beta,0.45454545454545453,after,0.20661157024793386,0.6061358035703156
1,112,0,1,constant,0.5,after,0.25,0.6931471805599453
1,112,0,1,cumulative_beta,0.16326530612244897,after,0.7001249479383591,1.8123787564307907
1,112,0,1,windowed_beta,0.3181818181818182,after,0.4648760330578513,1.1451323043030026
1,113,1,0,constant,0.5,after,0.25,0.6931471805599453
1,113,1,0,cumulative_beta,0.7313432835820896,after,0.5348629984406327,1.3143208614948014
1,113,1,0,windowed_beta,0.45454545454545453,after,0.20661157024793386,0.6061358035703156
1,114,0,1,constant,0.5,after,0.25,0.6931471805599453
1,114,0,1,cumulative_beta,0.18,after,0.6724000000000001,1.7147984280919266
1,114,0,1,windowed_beta,0.36363636363636365,after,0.4049586776859504,1.0116009116784799
1,115,0,1,constant,0.5,after,0.25,0.6931471805599453
1,115,0,1,cumulative_beta,0.19607843137254902,after,0.6462898885044214,1.62924053973028
1,115,0,1,windowed_beta,0.4090909090909091,after,0.34917355371900816,0.8938178760220964
1,116,1,0,constant,0.5,after,0.25,0.6931471805599453
1,116,1,0,cumulative_beta,0.7205882352941176,after,0.5192474048442907,1.2750687260096663
1,116,1,0,windowed_beta,0.4090909090909091,after,0.16735537190082647,0.5260930958967792
1,117,1,0,constant,0.5,after,0.25,0.6931471805599453
1,117,1,0,cumulative_beta,0.7101449275362319,after,0.5043058181054401,1.2383742310432686
1,117,1,0,windowed_beta,0.36363636363636365,after,0.1322314049586777,0.45198512374305727
1,118,0,1,constant,0.5,after,0.25,0.6931471805599453
1,118,0,1,cumulative_beta,0.21153846153846154,after,0.6216715976331361,1.5533484457830569
1,118,0,1,windowed_beta,0.45454545454545453,after,0.29752066115702475,0.7884573603642702
1,119,1,0,constant,0.5,after,0.25,0.6931471805599453
1,119,1,0,cumulative_beta,0.7,after,0.48999999999999994,1.203972804325936
1,119,1,0,windowed_beta,0.3181818181818182,after,0.1012396694214876,0.3829922522561057
1,120,1,0,constant,0.5,after,0.25,0.6931471805599453
1,120,1,0,cumulative_beta,0.6901408450704225,after,0.4762943860345169,1.1716374236829994
1,120,1,0,windowed_beta,0.3181818181818182,after,0.1012396694214876,0.3829922522561057
1,121,0,0,constant,0.5,after,0.25,0.6931471805599453
1,121,0,0,cumulative_beta,0.22641509433962265,after,0.051263794944820223,0.25671984684781396
1,121,0,0,windowed_beta,0.45454545454545453,after,0.20661157024793386,0.6061358035703156
1,122,1,0,constant,0.5,after,0.25,0.6931471805599453
1,122,1,0,cumulative_beta,0.6805555555555556,after,0.4631558641975309,1.1411719030869056
1,122,1,0,windowed_beta,0.2727272727272727,after,0.07438016528925619,0.3184537311185346
1,123,0,1,constant,0.5,after,0.25,0.6931471805599453
1,123,0,1,cumulative_beta,0.2222222222222222,after,0.6049382716049383,1.5040773967762742
1,123,0,1,windowed_beta,0.45454545454545453,after,0.29752066115702475,0.7884573603642702
1,124,1,1,constant,0.5,after,0.25,0.6931471805599453
1,124,1,1,cumulative_beta,0.6712328767123288,after,0.1080878213548508,0.3986391430377645
1,124,1,1,windowed_beta,0.22727272727272727,after,0.5971074380165289,1.4816045409242156
1,125,1,1,constant,0.5,after,0.25,0.6931471805599453
1,125,1,1,cumulative_beta,0.6756756756756757,after,0.10518626734842952,0.39204208777602373
1,125,1,1,windowed_beta,0.2727272727272727,after,0.5289256198347108,1.2992829841302609
1,126,1,0,constant,0.5,after,0.25,0.6931471805599453
1,126,1,0,cumulative_beta,0.68,after,0.4624000000000001,1.139434283188365
1,126,1,0,windowed_beta,0.2727272727272727,after,0.07438016528925619,0.3184537311185346
1,127,1,0,constant,0.5,after,0.25,0.6931471805599453
1,127,1,0,cumulative_beta,0.6710526315789473,after,0.45031163434903043,1.1118575154181303
1,127,1,0,windowed_beta,0.2727272727272727,after,0.07438016528925619,0.3184537311185346
1,128,1,1,constant,0.5,after,0.25,0.6931471805599453
1,128,1,1,cumulative_beta,0.6623376623376623,after,0.11401585427559453,0.41197978912935806
1,128,1,1,windowed_beta,0.22727272727272727,after,0.5971074380165289,1.4816045409242156
1,129,0,1,constant,0.5,after,0.25,0.6931471805599453
1,129,0,1,cumulative_beta,0.23636363636363636,after,0.5831404958677686,1.4423838277709342
1,129,0,1,windowed_beta,0.5,after,0.25,0.6931471805599453
1,130,0,1,constant,0.5,after,0.25,0.6931471805599453
1,130,0,1,cumulative_beta,0.25,after,0.5625,1.3862943611198906
1,130,0,1,windowed_beta,0.5454545454545454,after,0.20661157024793392,0.6061358035703156
1,131,0,1,constant,0.5,after,0.25,0.6931471805599453
1,131,0,1,cumulative_beta,0.2631578947368421,after,0.5429362880886428,1.3350010667323402
1,131,0,1,windowed_beta,0.5909090909090909,after,0.16735537190082642,0.5260930958967791
1,132,1,0,constant,0.5,after,0.25,0.6931471805599453
1,132,1,0,cumulative_beta,0.6666666666666666,after,0.4444444444444444,1.0986122886681096
1,132,1,0,windowed_beta,0.2727272727272727,after,0.07438016528925619,0.3184537311185346
1,133,0,1,constant,0.5,after,0.25,0.6931471805599453
1,133,0,1,cumulative_beta,0.27586206896551724,after,0.5243757431629014,1.2878542883066382
1,133,0,1,windowed_beta,0.6363636363636364,after,0.1322314049586777,0.45198512374305727
1,134,1,0,constant,0.5,after,0.25,0.6931471805599453
1,134,1,0,cumulative_beta,0.6582278481012658,after,0.433263900016023,1.0736109864626924
1,134,1,0,windowed_beta,0.22727272727272727,after,0.051652892561983466,0.2578291093020998
1,135,1,0,constant,0.5,after,0.25,0.6931471805599453
1,135,1,0,cumulative_beta,0.65,after,0.42250000000000004,1.0498221244986778
1,135,1,0,windowed_beta,0.18181818181818182,after,0.03305785123966942,0.20067069546215124
1,136,1,0,constant,0.5,after,0.25,0.6931471805599453
1,136,1,0,cumulative_beta,0.6419753086419753,after,0.4121322969059594,1.0271533246859645
1,136,1,0,windowed_beta,0.18181818181818182,after,0.03305785123966942,0.20067069546215124
1,137,0,1,constant,0.5,after,0.25,0.6931471805599453
1,137,0,1,cumulative_beta,0.288135593220339,after,0.5067509336397586,1.2443240998495033
1,137,0,1,windowed_beta,0.6818181818181818,after,0.10123966942148764,0.38299225225610584
1,138,0,1,constant,0.5,after,0.25,0.6931471805599453
1,138,0,1,cumulative_beta,0.3,after,0.48999999999999994,1.2039728043259361
1,138,0,1,windowed_beta,0.7272727272727273,after,0.07438016528925619,0.3184537311185346
1,139,1,0,constant,0.5,after,0.25,0.6931471805599453
1,139,1,0,cumulative_beta,0.6341463414634146,after,0.40214158239143366,1.0055218656020977
1,139,1,0,windowed_beta,0.18181818181818182,after,0.03305785123966942,0.20067069546215124
1,140,0,1,constant,0.5,after,0.25,0.6931471805599453
1,140,0,1,cumulative_beta,0.3114754098360656,after,0.47406611126041387,1.1664348850068706
1,140,0,1,windowed_beta,0.7727272727272727,after,0.05165289256198348,0.2578291093020998
1,141,0,1,constant,0.5,after,0.25,0.6931471805599453
1,141,0,1,cumulative_beta,0.3225806451612903,after,0.45889698231009374,1.1314021114911006
1,141,0,1,windowed_beta,0.8181818181818182,after,0.0330578512396694,0.2006706954621511
1,142,1,0,constant,0.5,after,0.25,0.6931471805599453
1,142,1,0,cumulative_beta,0.6265060240963856,after,0.39250979822906085,0.9848534033114518
1,142,1,0,windowed_beta,0.18181818181818182,after,0.03305785123966942,0.20067069546215124
1,143,1,0,constant,0.5,after,0.25,0.6931471805599453
1,143,1,0,cumulative_beta,0.6190476190476191,after,0.3832199546485261,0.9650808960435872
1,143,1,0,windowed_beta,0.18181818181818182,after,0.03305785123966942,0.20067069546215124
1,144,0,1,constant,0.5,after,0.25,0.6931471805599453
1,144,0,1,cumulative_beta,0.3333333333333333,after,0.44444444444444453,1.0986122886681098
1,144,0,1,windowed_beta,0.8636363636363636,after,0.018595041322314047,0.1466034741918754
1,145,1,0,constant,0.5,after,0.25,0.6931471805599453
1,145,1,0,cumulative_beta,0.611764705882353,after,0.37425605536332185,0.9461436950238363
1,145,1,0,windowed_beta,0.18181818181818182,after,0.03305785123966942,0.20067069546215124
1,146,0,1,constant,0.5,after,0.25,0.6931471805599453
1,146,0,1,cumulative_beta,0.34375,after,0.4306640625,1.067840630001356
1,146,0,1,windowed_beta,0.9090909090909091,after,0.00826446280991736,0.0953101798043249
1,147,1,0,constant,0.5,after,0.25,0.6931471805599453
1,147,1,0,cumulative_beta,0.6046511627906976,after,0.36560302866414274,0.9279867716373462
1,147,1,0,windowed_beta,0.18181818181818182,after,0.03305785123966942,0.20067069546215124
1,148,1,0,constant,0.5,after,0.25,0.6931471805599453
1,148,1,0,cumulative_beta,0.5977011494252874,after,0.35724666402430977,0.9105600571651702
1,148,1,0,windowed_beta,0.18181818181818182,after,0.03305785123966942,0.20067069546215124
1,149,1,0,constant,0.5,after,0.25,0.6931471805599453
1,149,1,0,cumulative_beta,0.5909090909090909,after,0.3491735537190083,0.8938178760220965
1,149,1,0,windowed_beta,0.18181818181818182,after,0.03305785123966942,0.20067069546215124
1,150,0,1,constant,0.5,after,0.25,0.6931471805599453
1,150,0,1,cumulative_beta,0.35384615384615387,after,0.4175147928994082,1.0388930539664873
1,150,0,1,windowed_beta,0.9090909090909091,after,0.00826446280991736,0.0953101798043249
1,151,1,1,constant,0.5,after,0.25,0.6931471805599453
1,151,1,1,cumulative_beta,0.5842696629213483,after,0.17283171316752938,0.5373926511507126
1,151,1,1,windowed_beta,0.18181818181818182,after,0.6694214876033057,1.7047480922384253
1,152,1,1,constant,0.5,after,0.25,0.6931471805599453
1,152,1,1,cumulative_beta,0.5888888888888889,after,0.16901234567901233,0.5295177567781432
1,152,1,1,windowed_beta,0.22727272727272727,after,0.5971074380165289,1.4816045409242156
1,153,1,0,constant,0.5,after,0.25,0.6931471805599453
1,153,1,0,cumulative_beta,0.5934065934065934,after,0.35213138509841807,0.8999415938726256
1,153,1,0,windowed_beta,0.2727272727272727,after,0.07438016528925619,0.3184537311185346
1,154,1,0,constant,0.5,after,0.25,0.6931471805599453
1,154,1,0,cumulative_beta,0.5869565217391305,after,0.34451795841209837,0.8842024173226547
1,154,1,0,windowed_beta,0.2727272727272727,after,0.07438016528925619,0.3184537311185346
1,155,0,1,constant,0.5,after,0.25,0.6931471805599453
1,155,0,1,cumulative_beta,0.36363636363636365,after,0.4049586776859504,1.0116009116784799
1,155,0,1,windowed_beta,0.9090909090909091,after,0.00826446280991736,0.0953101798043249
1,156,1,0,constant,0.5,after,0.25,0.6931471805599453
1,156,1,0,cumulative_beta,0.5806451612903226,after,0.33714880332986474,0.8690378470236096
1,156,1,0,windowed_beta,0.2727272727272727,after,0.07438016528925619,0.3184537311185346
1,157,0,1,constant,0.5,after,0.25,0.6931471805599453
1,157,0,1,cumulative_beta,0.373134328358209,after,0.3929605702829138,0.9858167945227653
1,157,0,1,windowed_beta,0.9090909090909091,after,0.00826446280991736,0.0953101798043249
1,158,1,0,constant,0.5,after,0.25,0.6931471805599453
1,158,1,0,cumulative_beta,0.574468085106383,after,0.3300135808057945,0.8544153281560677
1,158,1,0,windowed_beta,0.22727272727272727,after,0.051652892561983466,0.2578291093020998
1,159,0,0,constant,0.5,after,0.25,0.6931471805599453
1,159,0,0,cumulative_beta,0.38235294117647056,after,0.14619377162629757,0.4818380868927383
1,159,0,0,windowed_beta,0.9090909090909091,after,0.8264462809917354,2.3978952727983702
1,160,1,0,constant,0.5,after,0.25,0.6931471805599453
1,160,1,0,cumulative_beta,0.5684210526315789,after,0.3231024930747922,0.840304824896233
1,160,1,0,windowed_beta,0.18181818181818182,after,0.03305785123966942,0.20067069546215124
1,161,0,1,constant,0.5,after,0.25,0.6931471805599453
1,161,0,1,cumulative_beta,0.37681159420289856,after,0.3883637891199328,0.9760099665757773
1,161,0,1,windowed_beta,0.8636363636363636,after,0.018595041322314047,0.1466034741918754
1,162,0,1,constant,0.5,after,0.25,0.6931471805599453
1,162,0,1,cumulative_beta,0.38571428571428573,after,0.37734693877551023,0.9526583760450299
1,162,0,1,windowed_beta,0.8636363636363636,after,0.018595041322314047,0.1466034741918754
1,163,1,0,constant,0.5,after,0.25,0.6931471805599453
1,163,1,0,cumulative_beta,0.5625,after,0.31640625,0.8266785731844679
1,163,1,0,windowed_beta,0.18181818181818182,after,0.03305785123966942,0.20067069546215124
1,164,1,0,constant,0.5,after,0.25,0.6931471805599453
1,164,1,0,cumulative_beta,0.5567010309278351,after,0.3099160378361144,0.8135108628098204
1,164,1,0,windowed_beta,0.18181818181818182,after,0.03305785123966942,0.20067069546215124
1,165,0,1,constant,0.5,after,0.25,0.6931471805599453
1,165,0,1,cumulative_beta,0.39436619718309857,after,0.36679230311446154,0.9304753668661115
1,165,0,1,windowed_beta,0.8636363636363636,after,0.018595041322314047,0.1466034741918754
1,166,1,0,constant,0.5,after,0.25,0.6931471805599453
1,166,1,0,cumulative_beta,0.5510204081632653,after,0.3036234902124114,0.8007778447523106
1,166,1,0,windowed_beta,0.13636363636363635,after,0.018595041322314047,0.1466034741918754
1,167,0,1,constant,0.5,after,0.25,0.6931471805599453
1,167,0,1,cumulative_beta,0.4027777777777778,after,0.35667438271604934,0.9093702890295813
1,167,0,1,windowed_beta,0.8636363636363636,after,0.018595041322314047,0.1466034741918754
1,168,1,1,constant,0.5,after,0.25,0.6931471805599453
1,168,1,1,cumulative_beta,0.5454545454545454,after,0.20661157024793392,0.6061358035703156
1,168,1,1,windowed_beta,0.13636363636363635,after,0.7458677685950413,1.9924301646902063
1,169,0,1,constant,0.5,after,0.25,0.6931471805599453
1,169,0,1,cumulative_beta,0.410958904109589,after,0.34696941264777637,0.8892620594862358
1,169,0,1,windowed_beta,0.8636363636363636,after,0.018595041322314047,0.1466034741918754
1,170,1,0,constant,0.5,after,0.25,0.6931471805599453
1,170,1,0,cumulative_beta,0.55,after,0.30250000000000005,0.7985076962177717
1,170,1,0,windowed_beta,0.18181818181818182,after,0.03305785123966942,0.20067069546215124
1,171,1,0,constant,0.5,after,0.25,0.6931471805599453
1,171,1,0,cumulative_beta,0.5445544554455446,after,0.2965395549455936,0.7864791203521645
1,171,1,0,windowed_beta,0.18181818181818182,after,0.03305785123966942,0.20067069546215124
1,172,0,1,constant,0.5,after,0.25,0.6931471805599453
1,172,0,1,cumulative_beta,0.4189189189189189,after,0.337655222790358,0.8700778887190235
1,172,0,1,windowed_beta,0.9090909090909091,after,0.00826446280991736,0.0953101798043249
1,173,1,0,constant,0.5,after,0.25,0.6931471805599453
1,173,1,0,cumulative_beta,0.5392156862745098,after,0.29075355632449057,0.7748252115742125
1,173,1,0,windowed_beta,0.18181818181818182,after,0.03305785123966942,0.20067069546215124
1,174,0,1,constant,0.5,after,0.25,0.6931471805599453
1,174,0,1,cumulative_beta,0.4266666666666667,after,0.328711111111111,0.8517522107365838
1,174,0,1,windowed_beta,0.9090909090909091,after,0.00826446280991736,0.0953101798043249
1,175,0,0,constant,0.5,after,0.25,0.6931471805599453
1,175,0,0,cumulative_beta,0.4342105263157895,after,0.18853878116343492,0.5695332245927687
1,175,0,0,windowed_beta,0.9090909090909091,after,0.8264462809917354,2.3978952727983702
1,176,0,1,constant,0.5,after,0.25,0.6931471805599453
1,176,0,1,cumulative_beta,0.42857142857142855,after,0.32653061224489793,0.8472978603872037
1,176,0,1,windowed_beta,0.8636363636363636,after,0.018595041322314047,0.1466034741918754
1,177,0,1,constant,0.5,after,0.25,0.6931471805599453
1,177,0,1,cumulative_beta,0.4358974358974359,after,0.31821170282708744,0.8303483020734304
1,177,0,1,windowed_beta,0.8636363636363636,after,0.018595041322314047,0.1466034741918754
1,178,1,0,constant,0.5,after,0.25,0.6931471805599453
1,178,1,0,cumulative_beta,0.5339805825242718,after,0.2851352625129607,0.7635279773217448
1,178,1,0,windowed_beta,0.18181818181818182,after,0.03305785123966942,0.20067069546215124
1,179,1,1,constant,0.5,after,0.25,0.6931471805599453
1,179,1,1,cumulative_beta,0.5288461538461539,after,0.22198594674556213,0.6370577139089018
1,179,1,1,windowed_beta,0.18181818181818182,after,0.6694214876033057,1.7047480922384253
1,180,1,0,constant,0.5,after,0.25,0.6931471805599453
1,180,1,0,cumulative_beta,0.5333333333333333,after,0.28444444444444444,0.7621400520468967
1,180,1,0,windowed_beta,0.22727272727272727,after,0.051652892561983466,0.2578291093020998
1,181,1,1,constant,0.5,after,0.25,0.6931471805599453
1,181,1,1,cumulative_beta,0.5283018867924528,after,0.22249911000355999,0.6380874033769179
1,181,1,1,windowed_beta,0.22727272727272727,after,0.5971074380165289,1.4816045409242156
1,182,0,0,constant,0.5,after,0.25,0.6931471805599453
1,182,0,0,cumulative_beta,0.4430379746835443,after,0.19628264701169681,0.5852582185487601
1,182,0,0,windowed_beta,0.8636363636363636,after,0.7458677685950413,1.9924301646902063
1,183,0,0,constant,0.5,after,0.25,0.6931471805599453
1,183,0,0,cumulative_beta,0.4375,after,0.19140625,0.5753641449035618
1,183,0,0,windowed_beta,0.8181818181818182,after,0.6694214876033059,1.7047480922384255
1,184,0,1,constant,0.5,after,0.25,0.6931471805599453
1,184,0,1,cumulative_beta,0.43209876543209874,after,0.3225118122237465,0.8391010931830252
1,184,0,1,windowed_beta,0.7727272727272727,after,0.05165289256198348,0.2578291093020998
1,185,1,0,constant,0.5,after,0.25,0.6931471805599453
1,185,1,0,cumulative_beta,0.5327102803738317,after,0.2837802428159664,0.76080582903376
1,185,1,0,windowed_beta,0.2727272727272727,after,0.07438016528925619,0.3184537311185346
1,186,1,0,constant,0.5,after,0.25,0.6931471805599453
1,186,1,0,cumulative_beta,0.5277777777777778,after,0.2785493827160494,0.750305594399894
1,186,1,0,windowed_beta,0.2727272727272727,after,0.07438016528925619,0.3184537311185346
1,187,0,0,constant,0.5,after,0.25,0.6931471805599453
1,187,0,0,cumulative_beta,0.43902439024390244,after,0.19274241522903035,0.578077850775158
1,187,0,0,windowed_beta,0.7727272727272727,after,0.5971074380165289,1.4816045409242153
1,188,0,1,constant,0.5,after,0.25,0.6931471805599453
1,188,0,1,cumulative_beta,0.43373493975903615,after,0.3206561184497024,0.8353216693404879
1,188,0,1,windowed_beta,0.7272727272727273,after,0.07438016528925619,0.3184537311185346
1,189,1,0,constant,0.5,after,0.25,0.6931471805599453
1,189,1,0,cumulative_beta,0.5229357798165137,after,0.2734618298123053,0.7401041636477163
1,189,1,0,windowed_beta,0.2727272727272727,after,0.07438016528925619,0.3184537311185346
1,190,0,1,constant,0.5,after,0.25,0.6931471805599453
1,190,0,1,cumulative_beta,0.44047619047619047,after,0.3130668934240363,0.8198988861990892
1,190,0,1,windowed_beta,0.7272727272727273,after,0.07438016528925619,0.3184537311185346
1,191,0,1,constant,0.5,after,0.25,0.6931471805599453
1,191,0,1,cumulative_beta,0.4470588235294118,after,0.30574394463667826,0.8050650967639307
1,191,0,1,windowed_beta,0.7272727272727273,after,0.07438016528925619,0.3184537311185346
1,192,0,1,constant,0.5,after,0.25,0.6931471805599453
1,192,0,1,cumulative_beta,0.45348837209302323,after,0.2986749594375339,0.7907856501238614
1,192,0,1,windowed_beta,0.7272727272727273,after,0.07438016528925619,0.3184537311185346
1,193,1,0,constant,0.5,after,0.25,0.6931471805599453
1,193,1,0,cumulative_beta,0.5181818181818182,after,0.2685123966942149,0.7301884522402944
1,193,1,0,windowed_beta,0.22727272727272727,after,0.051652892561983466,0.2578291093020998
1,194,0,1,constant,0.5,after,0.25,0.6931471805599453
1,194,0,1,cumulative_beta,0.45977011494252873,after,0.2918483287092086,0.7770286645406475
1,194,0,1,windowed_beta,0.7272727272727273,after,0.07438016528925619,0.3184537311185346
1,195,0,1,constant,0.5,after,0.25,0.6931471805599453
1,195,0,1,cumulative_beta,0.4659090909090909,after,0.2852530991735538,0.7637647477738987
1,195,0,1,windowed_beta,0.7272727272727273,after,0.07438016528925619,0.3184537311185346
1,196,0,1,constant,0.5,after,0.25,0.6931471805599453
1,196,0,1,cumulative_beta,0.47191011235955055,after,0.27887892942810244,0.7509667514487716
1,196,0,1,windowed_beta,0.7727272727272727,after,0.05165289256198348,0.2578291093020998
1,197,1,0,constant,0.5,after,0.25,0.6931471805599453
1,197,1,0,cumulative_beta,0.5135135135135135,after,0.2636961285609934,0.7205461547480597
1,197,1,0,windowed_beta,0.18181818181818182,after,0.03305785123966942,0.20067069546215124
1,198,0,1,constant,0.5,after,0.25,0.6931471805599453
1,198,0,1,cumulative_beta,0.4777777777777778,after,0.272716049382716,0.7386095546367026
1,198,0,1,windowed_beta,0.7727272727272727,after,0.05165289256198348,0.2578291093020998
1,199,0,1,constant,0.5,after,0.25,0.6931471805599453
1,199,0,1,cumulative_beta,0.4835164835164835,after,0.2667552227991788,0.7266698725985888
1,199,0,1,windowed_beta,0.7727272727272727,after,0.05165289256198348,0.2578291093020998
2,0,1,0,constant,0.5,before,0.25,0.6931471805599453
2,0,1,0,cumulative_beta,0.5,before,0.25,0.6931471805599453
2,0,1,0,windowed_beta,0.5,before,0.25,0.6931471805599453
2,1,0,0,constant,0.5,before,0.25,0.6931471805599453
2,1,0,0,cumulative_beta,0.5,before,0.25,0.6931471805599453
2,1,0,0,windowed_beta,0.5,before,0.25,0.6931471805599453
2,2,0,1,constant,0.5,before,0.25,0.6931471805599453
2,2,0,1,cumulative_beta,0.3333333333333333,before,0.44444444444444453,1.0986122886681098
2,2,0,1,windowed_beta,0.3333333333333333,before,0.44444444444444453,1.0986122886681098
2,3,1,1,constant,0.5,before,0.25,0.6931471805599453
2,3,1,1,cumulative_beta,0.3333333333333333,before,0.44444444444444453,1.0986122886681098
2,3,1,1,windowed_beta,0.3333333333333333,before,0.44444444444444453,1.0986122886681098
2,4,1,0,constant,0.5,before,0.25,0.6931471805599453
2,4,1,0,cumulative_beta,0.5,before,0.25,0.6931471805599453
2,4,1,0,windowed_beta,0.5,before,0.25,0.6931471805599453
2,5,1,1,constant,0.5,before,0.25,0.6931471805599453
2,5,1,1,cumulative_beta,0.4,before,0.36,0.916290731874155
2,5,1,1,windowed_beta,0.4,before,0.36,0.916290731874155
2,6,0,0,constant,0.5,before,0.25,0.6931471805599453
2,6,0,0,cumulative_beta,0.5,before,0.25,0.6931471805599453
2,6,0,0,windowed_beta,0.5,before,0.25,0.6931471805599453
2,7,1,1,constant,0.5,before,0.25,0.6931471805599453
2,7,1,1,cumulative_beta,0.5,before,0.25,0.6931471805599453
2,7,1,1,windowed_beta,0.5,before,0.25,0.6931471805599453
2,8,0,0,constant,0.5,before,0.25,0.6931471805599453
2,8,0,0,cumulative_beta,0.4,before,0.16000000000000003,0.5108256237659907
2,8,0,0,windowed_beta,0.4,before,0.16000000000000003,0.5108256237659907
2,9,0,0,constant,0.5,before,0.25,0.6931471805599453
2,9,0,0,cumulative_beta,0.3333333333333333,before,0.1111111111111111,0.4054651081081643
2,9,0,0,windowed_beta,0.3333333333333333,before,0.1111111111111111,0.4054651081081643
2,10,0,0,constant,0.5,before,0.25,0.6931471805599453
2,10,0,0,cumulative_beta,0.2857142857142857,before,0.08163265306122448,0.3364722366212129
2,10,0,0,windowed_beta,0.2857142857142857,before,0.08163265306122448,0.3364722366212129
2,11,0,0,constant,0.5,before,0.25,0.6931471805599453
2,11,0,0,cumulative_beta,0.25,before,0.0625,0.2876820724517809
2,11,0,0,windowed_beta,0.25,before,0.0625,0.2876820724517809
2,12,0,0,constant,0.5,before,0.25,0.6931471805599453
2,12,0,0,cumulative_beta,0.2222222222222222,before,0.04938271604938271,0.25131442828090605
2,12,0,0,windowed_beta,0.2222222222222222,before,0.04938271604938271,0.25131442828090605
2,13,1,1,constant,0.5,before,0.25,0.6931471805599453
2,13,1,1,cumulative_beta,0.5714285714285714,before,0.18367346938775514,0.5596157879354228
2,13,1,1,windowed_beta,0.5714285714285714,before,0.18367346938775514,0.5596157879354228
2,14,0,0,constant,0.5,before,0.25,0.6931471805599453
2,14,0,0,cumulative_beta,0.2,before,0.04000000000000001,0.2231435513142097
2,14,0,0,windowed_beta,0.2,before,0.04000000000000001,0.2231435513142097
2,15,1,0,constant,0.5,before,0.25,0.6931471805599453
2,15,1,0,cumulative_beta,0.625,before,0.390625,0.9808292530117262
2,15,1,0,windowed_beta,0.625,before,0.390625,0.9808292530117262
2,16,0,0,constant,0.5,before,0.25,0.6931471805599453
2,16,0,0,cumulative_beta,0.18181818181818182,before,0.03305785123966942,0.20067069546215124
2,16,0,0,windowed_beta,0.18181818181818182,before,0.03305785123966942,0.20067069546215124
2,17,0,0,constant,0.5,before,0.25,0.6931471805599453
2,17,0,0,cumulative_beta,0.16666666666666666,before,0.027777777777777776,0.1823215567939546
2,17,0,0,windowed_beta,0.16666666666666666,before,0.027777777777777776,0.1823215567939546
2,18,0,0,constant,0.5,before,0.25,0.6931471805599453
2,18,0,0,cumulative_beta,0.15384615384615385,before,0.02366863905325444,0.1670540846631662
2,18,0,0,windowed_beta,0.15384615384615385,before,0.02366863905325444,0.1670540846631662
2,19,1,1,constant,0.5,before,0.25,0.6931471805599453
2,19,1,1,cumulative_beta,0.5555555555555556,before,0.19753086419753085,0.587786664902119
2,19,1,1,windowed_beta,0.5555555555555556,before,0.19753086419753085,0.587786664902119
2,20,0,1,constant,0.5,before,0.25,0.6931471805599453
2,20,0,1,cumulative_beta,0.14285714285714285,before,0.7346938775510206,1.9459101490553135
2,20,0,1,windowed_beta,0.14285714285714285,before,0.7346938775510206,1.9459101490553135
2,21,1,1,constant,0.5,before,0.25,0.6931471805599453
2,21,1,1,cumulative_beta,0.6,before,0.16000000000000003,0.5108256237659907
2,21,1,1,windowed_beta,0.6,before,0.16000000000000003,0.5108256237659907
2,22,0,0,constant,0.5,before,0.25,0.6931471805599453
2,22,0,0,cumulative_beta,0.2,before,0.04000000000000001,0.2231435513142097
2,22,0,0,windowed_beta,0.2,before,0.04000000000000001,0.2231435513142097
2,23,1,1,constant,0.5,before,0.25,0.6931471805599453
2,23,1,1,cumulative_beta,0.6363636363636364,before,0.1322314049586777,0.45198512374305727
2,23,1,1,windowed_beta,0.6363636363636364,before,0.1322314049586777,0.45198512374305727
2,24,0,0,constant,0.5,before,0.25,0.6931471805599453
2,24,0,0,cumulative_beta,0.1875,before,0.03515625,0.2076393647782445
2,24,0,0,windowed_beta,0.1875,before,0.03515625,0.2076393647782445
2,25,1,0,constant,0.5,before,0.25,0.6931471805599453
2,25,1,0,cumulative_beta,0.6666666666666666,before,0.4444444444444444,1.0986122886681096
2,25,1,0,windowed_beta,0.6666666666666666,before,0.4444444444444444,1.0986122886681096
2,26,0,0,constant,0.5,before,0.25,0.6931471805599453
2,26,0,0,cumulative_beta,0.17647058823529413,before,0.031141868512110732,0.1941560144409575
2,26,0,0,windowed_beta,0.17647058823529413,before,0.031141868512110732,0.1941560144409575
2,27,1,1,constant,0.5,before,0.25,0.6931471805599453
2,27,1,1,cumulative_beta,0.6153846153846154,before,0.14792899408284022,0.48550781578170077
2,27,1,1,windowed_beta,0.6153846153846154,before,0.14792899408284022,0.48550781578170077
2,28,1,1,constant,0.5,before,0.25,0.6931471805599453
2,28,1,1,cumulative_beta,0.6428571428571429,before,0.12755102040816324,0.4418327522790392
2,28,1,1,windowed_beta,0.6428571428571429,before,0.12755102040816324,0.4418327522790392
2,29,1,1,constant,0.5,before,0.25,0.6931471805599453
2,29,1,1,cumulative_beta,0.6666666666666666,before,0.11111111111111113,0.40546510810816444
2,29,1,1,windowed_beta,0.6666666666666666,before,0.11111111111111113,0.40546510810816444
2,30,0,0,constant,0.5,before,0.25,0.6931471805599453
2,30,0,0,cumulative_beta,0.16666666666666666,before,0.027777777777777776,0.1823215567939546
2,30,0,0,windowed_beta,0.16666666666666666,before,0.027777777777777776,0.1823215567939546
2,31,1,1,constant,0.5,before,0.25,0.6931471805599453
2,31,1,1,cumulative_beta,0.6875,before,0.09765625,0.3746934494414107
2,31,1,1,windowed_beta,0.6875,before,0.09765625,0.3746934494414107
2,32,0,0,constant,0.5,before,0.25,0.6931471805599453
2,32,0,0,cumulative_beta,0.15789473684210525,before,0.02493074792243767,0.17185025692665928
2,32,0,0,windowed_beta,0.15789473684210525,before,0.02493074792243767,0.17185025692665928
2,33,0,0,constant,0.5,before,0.25,0.6931471805599453
2,33,0,0,cumulative_beta,0.15,before,0.0225,0.16251892949777494
2,33,0,0,windowed_beta,0.15,before,0.0225,0.16251892949777494
2,34,1,1,constant,0.5,before,0.25,0.6931471805599453
2,34,1,1,cumulative_beta,0.7058823529411765,before,0.08650519031141866,0.3483066942682157
2,34,1,1,windowed_beta,0.7058823529411765,before,0.08650519031141866,0.3483066942682157
2,35,0,0,constant,0.5,before,0.25,0.6931471805599453
2,35,0,0,cumulative_beta,0.14285714285714285,before,0.02040816326530612,0.15415067982725822
2,35,0,0,windowed_beta,0.14285714285714285,before,0.02040816326530612,0.15415067982725822
2,36,0,0,constant,0.5,before,0.25,0.6931471805599453
2,36,0,0,cumulative_beta,0.13636363636363635,before,0.018595041322314047,0.1466034741918754
2,36,0,0,windowed_beta,0.13636363636363635,before,0.018595041322314047,0.1466034741918754
2,37,1,1,constant,0.5,before,0.25,0.6931471805599453
2,37,1,1,cumulative_beta,0.7222222222222222,before,0.0771604938271605,0.325422400434628
2,37,1,1,windowed_beta,0.7222222222222222,before,0.0771604938271605,0.325422400434628
2,38,0,0,constant,0.5,before,0.25,0.6931471805599453
2,38,0,0,cumulative_beta,0.13043478260869565,before,0.017013232514177693,0.13976194237515874
2,38,0,0,windowed_beta,0.13636363636363635,before,0.018595041322314047,0.1466034741918754
2,39,1,0,constant,0.5,before,0.25,0.6931471805599453
2,39,1,0,cumulative_beta,0.7368421052631579,before,0.5429362880886426,1.33500106673234
2,39,1,0,windowed_beta,0.7368421052631579,before,0.5429362880886426,1.33500106673234
2,40,0,0,constant,0.5,before,0.25,0.6931471805599453
2,40,0,0,cumulative_beta,0.125,before,0.015625,0.13353139262452263
2,40,0,0,windowed_beta,0.09090909090909091,before,0.008264462809917356,0.0953101798043249
2,41,1,1,constant,0.5,before,0.25,0.6931471805599453
2,41,1,1,cumulative_beta,0.7,before,0.09000000000000002,0.35667494393873245
2,41,1,1,windowed_beta,0.7,before,0.09000000000000002,0.35667494393873245
2,42,0,0,constant,0.5,before,0.25,0.6931471805599453
2,42,0,0,cumulative_beta,0.12,before,0.0144,0.12783337150988489
2,42,0,0,windowed_beta,0.09090909090909091,before,0.008264462809917356,0.0953101798043249
2,43,0,0,constant,0.5,before,0.25,0.6931471805599453
2,43,0,0,cumulative_beta,0.11538461538461539,before,0.013313609467455623,0.12260232209233239
2,43,0,0,windowed_beta,0.09090909090909091,before,0.008264462809917356,0.0953101798043249
2,44,0,0,constant,0.5,before,0.25,0.6931471805599453
2,44,0,0,cumulative_beta,0.1111111111111111,before,0.012345679012345678,0.11778303565638351
2,44,0,0,windowed_beta,0.09090909090909091,before,0.008264462809917356,0.0953101798043249
2,45,0,0,constant,0.5,before,0.25,0.6931471805599453
2,45,0,0,cumulative_beta,0.10714285714285714,before,0.011479591836734693,0.11332868530700312
2,45,0,0,windowed_beta,0.09090909090909091,before,0.008264462809917356,0.0953101798043249
2,46,1,1,constant,0.5,before,0.25,0.6931471805599453
2,46,1,1,cumulative_beta,0.7142857142857143,before,0.08163265306122448,0.3364722366212129
2,46,1,1,windowed_beta,0.7142857142857143,before,0.08163265306122448,0.3364722366212129
2,47,0,0,constant,0.5,before,0.25,0.6931471805599453
2,47,0,0,cumulative_beta,0.10344827586206896,before,0.01070154577883472,0.10919929196499197
2,47,0,0,windowed_beta,0.09090909090909091,before,0.008264462809917356,0.0953101798043249
2,48,0,0,constant,0.5,before,0.25,0.6931471805599453
2,48,0,0,cumulative_beta,0.1,before,0.010000000000000002,0.10536051565782628
2,48,0,0,windowed_beta,0.09090909090909091,before,0.008264462809917356,0.0953101798043249
2,49,0,0,constant,0.5,before,0.25,0.6931471805599453
2,49,0,0,cumulative_beta,0.0967741935483871,before,0.009365244536940686,0.10178269430994236
2,49,0,0,windowed_beta,0.09090909090909091,before,0.008264462809917356,0.0953101798043249
2,50,0,0,constant,0.5,before,0.25,0.6931471805599453
2,50,0,0,cumulative_beta,0.09375,before,0.0087890625,0.09844007281325252
2,50,0,0,windowed_beta,0.09090909090909091,before,0.008264462809917356,0.0953101798043249
2,51,0,0,constant,0.5,before,0.25,0.6931471805599453
2,51,0,0,cumulative_beta,0.09090909090909091,before,0.008264462809917356,0.0953101798043249
2,51,0,0,windowed_beta,0.09090909090909091,before,0.008264462809917356,0.0953101798043249
2,52,1,1,constant,0.5,before,0.25,0.6931471805599453
2,52,1,1,cumulative_beta,0.7272727272727273,before,0.07438016528925619,0.3184537311185346
2,52,1,1,windowed_beta,0.7272727272727273,before,0.07438016528925619,0.3184537311185346
2,53,0,0,constant,0.5,before,0.25,0.6931471805599453
2,53,0,0,cumulative_beta,0.08823529411764706,before,0.007785467128027683,0.09237332013101517
2,53,0,0,windowed_beta,0.09090909090909091,before,0.008264462809917356,0.0953101798043249
2,54,1,1,constant,0.5,before,0.25,0.6931471805599453
2,54,1,1,cumulative_beta,0.7391304347826086,before,0.0680529300567108,0.3022808718729337
2,54,1,1,windowed_beta,0.7727272727272727,before,0.05165289256198348,0.2578291093020998
2,55,0,0,constant,0.5,before,0.25,0.6931471805599453
2,55,0,0,cumulative_beta,0.08571428571428572,before,0.007346938775510205,0.08961215868968717
2,55,0,0,windowed_beta,0.045454545454545456,before,0.002066115702479339,0.04652001563489282
2,56,1,0,constant,0.5,before,0.25,0.6931471805599453
2,56,1,0,cumulative_beta,0.75,before,0.5625,1.3862943611198906
2,56,1,0,windowed_beta,0.7727272727272727,before,0.5971074380165289,1.4816045409242153
2,57,1,1,constant,0.5,before,0.25,0.6931471805599453
2,57,1,1,cumulative_beta,0.72,before,0.07840000000000001,0.3285040669720361
2,57,1,1,windowed_beta,0.7727272727272727,before,0.05165289256198348,0.2578291093020998
2,58,1,1,constant,0.5,before,0.25,0.6931471805599453
2,58,1,1,cumulative_beta,0.7307692307692307,before,0.07248520710059174,0.31365755885504165
2,58,1,1,windowed_beta,0.7727272727272727,before,0.05165289256198348,0.2578291093020998
2,59,1,0,constant,0.5,before,0.25,0.6931471805599453
2,59,1,0,cumulative_beta,0.7407407407407407,before,0.5486968449931412,1.3499267169490157
2,59,1,0,windowed_beta,0.7727272727272727,before,0.5971074380165289,1.4816045409242153
2,60,1,1,constant,0.5,before,0.25,0.6931471805599453
2,60,1,1,cumulative_beta,0.7142857142857143,before,0.08163265306122448,0.3364722366212129
2,60,1,1,windowed_beta,0.7272727272727273,before,0.07438016528925619,0.3184537311185346
2,61,1,1,constant,0.5,before,0.25,0.6931471805599453
2,61,1,1,cumulative_beta,0.7241379310344828,before,0.07609988109393578,0.322773392263051
2,61,1,1,windowed_beta,0.7727272727272727,before,0.05165289256198348,0.2578291093020998
2,62,0,0,constant,0.5,before,0.25,0.6931471805599453
2,62,0,0,cumulative_beta,0.08333333333333333,before,0.006944444444444444,0.08701137698962981
2,62,0,0,windowed_beta,0.045454545454545456,before,0.002066115702479339,0.04652001563489282
2,63,1,1,constant,0.5,before,0.25,0.6931471805599453
2,63,1,1,cumulative_beta,0.7333333333333333,before,0.07111111111111114,0.3101549283038396
2,63,1,1,windowed_beta,0.7727272727272727,before,0.05165289256198348,0.2578291093020998
2,64,0,0,constant,0.5,before,0.25,0.6931471805599453
2,64,0,0,cumulative_beta,0.08108108108108109,before,0.006574141709276845,0.08455738802806312
2,64,0,0,windowed_beta,0.045454545454545456,before,0.002066115702479339,0.04652001563489282
2,65,0,0,constant,0.5,before,0.25,0.6931471805599453
2,65,0,0,cumulative_beta,0.07894736842105263,before,0.006232686980609418,0.08223809823697212
2,65,0,0,windowed_beta,0.045454545454545456,before,0.002066115702479339,0.04652001563489282
2,66,1,0,constant,0.5,before,0.25,0.6931471805599453
2,66,1,0,cumulative_beta,0.7419354838709677,before,0.5504682622268471,1.3545456628053103
2,66,1,0,windowed_beta,0.7727272727272727,before,0.5971074380165289,1.4816045409242153
2,67,1,1,constant,0.5,before,0.25,0.6931471805599453
2,67,1,1,cumulative_beta,0.71875,before,0.0791015625,0.33024168687057687
2,67,1,1,windowed_beta,0.7272727272727273,before,0.07438016528925619,0.3184537311185346
2,68,0,0,constant,0.5,before,0.25,0.6931471805599453
2,68,0,0,cumulative_beta,0.07692307692307693,before,0.00591715976331361,0.08004270767353637
2,68,0,0,windowed_beta,0.045454545454545456,before,0.002066115702479339,0.04652001563489282
2,69,0,0,constant,0.5,before,0.25,0.6931471805599453
2,69,0,0,cumulative_beta,0.075,before,0.005625,0.0779615414697118
2,69,0,0,windowed_beta,0.045454545454545456,before,0.002066115702479339,0.04652001563489282
2,70,1,0,constant,0.5,before,0.25,0.6931471805599453
2,70,1,0,cumulative_beta,0.7272727272727273,before,0.5289256198347108,1.2992829841302609
2,70,1,0,windowed_beta,0.7727272727272727,before,0.5971074380165289,1.4816045409242153
2,71,1,1,constant,0.5,before,0.25,0.6931471805599453
2,71,1,1,cumulative_beta,0.7058823529411765,before,0.08650519031141866,0.3483066942682157
2,71,1,1,windowed_beta,0.7272727272727273,before,0.07438016528925619,0.3184537311185346
2,72,1,1,constant,0.5,before,0.25,0.6931471805599453
2,72,1,1,cumulative_beta,0.7142857142857143,before,0.08163265306122448,0.3364722366212129
2,72,1,1,windowed_beta,0.7272727272727273,before,0.07438016528925619,0.3184537311185346
2,73,0,0,constant,0.5,before,0.25,0.6931471805599453
2,73,0,0,cumulative_beta,0.07317073170731707,before,0.005353955978584175,0.07598590697792199
2,73,0,0,windowed_beta,0.045454545454545456,before,0.002066115702479339,0.04652001563489282
2,74,1,1,constant,0.5,before,0.25,0.6931471805599453
2,74,1,1,cumulative_beta,0.7222222222222222,before,0.0771604938271605,0.325422400434628
2,74,1,1,windowed_beta,0.7272727272727273,before,0.07438016528925619,0.3184537311185346
2,75,0,0,constant,0.5,before,0.25,0.6931471805599453
2,75,0,0,cumulative_beta,0.07142857142857142,before,0.00510204081632653,0.07410797215372185
2,75,0,0,windowed_beta,0.045454545454545456,before,0.002066115702479339,0.04652001563489282
2,76,0,0,constant,0.5,before,0.25,0.6931471805599453
2,76,0,0,cumulative_beta,0.06976744186046512,before,0.0048674959437533805,0.07232066157962613
2,76,0,0,windowed_beta,0.045454545454545456,before,0.002066115702479339,0.04652001563489282
2,77,0,0,constant,0.5,before,0.25,0.6931471805599453
2,77,0,0,cumulative_beta,0.06818181818181818,before,0.004648760330578512,0.07061756721395329
2,77,0,0,windowed_beta,0.045454545454545456,before,0.002066115702479339,0.04652001563489282
2,78,0,0,constant,0.5,before,0.25,0.6931471805599453
2,78,0,0,cumulative_beta,0.06666666666666667,before,0.0044444444444444444,0.06899287148695143
2,78,0,0,windowed_beta,0.045454545454545456,before,0.002066115702479339,0.04652001563489282
2,79,1,0,constant,0.5,before,0.25,0.6931471805599453
2,79,1,0,cumulative_beta,0.7297297297297297,before,0.5325054784514244,1.3083328196501787
2,79,1,0,windowed_beta,0.7272727272727273,before,0.5289256198347108,1.2992829841302609
2,80,1,1,constant,0.5,before,0.25,0.6931471805599453
2,80,1,1,cumulative_beta,0.7105263157894737,before,0.08379501385041552,0.3417492937220567
2,80,1,1,windowed_beta,0.6818181818181818,before,0.10123966942148764,0.38299225225610584
2,81,0,1,constant,0.5,before,0.25,0.6931471805599453
2,81,0,1,cumulative_beta,0.06521739130434782,before,0.8738185255198488,2.7300291078209855
2,81,0,1,windowed_beta,0.045454545454545456,before,0.9111570247933886,3.0910424533583156
2,82,1,0,constant,0.5,before,0.25,0.6931471805599453
2,82,1,0,cumulative_beta,0.717948717948718,before,0.5154503616042078,1.2656663733312759
2,82,1,0,windowed_beta,0.6818181818181818,before,0.4648760330578512,1.1451323043030024
2,83,0,0,constant,0.5,before,0.25,0.6931471805599453
2,83,0,0,cumulative_beta,0.0851063829787234,before,0.007243096423721141,0.08894748601649617
2,83,0,0,windowed_beta,0.09090909090909091,before,0.008264462809917356,0.0953101798043249
2,84,1,0,constant,0.5,before,0.25,0.6931471805599453
2,84,1,0,cumulative_beta,0.7,before,0.48999999999999994,1.203972804325936
2,84,1,0,windowed_beta,0.6818181818181818,before,0.4648760330578512,1.1451323043030024
2,85,1,1,constant,0.5,before,0.25,0.6931471805599453
2,85,1,1,cumulative_beta,0.6829268292682927,before,0.10053539559785839,0.3813675565291038
2,85,1,1,windowed_beta,0.6363636363636364,before,0.1322314049586777,0.45198512374305727
2,86,1,1,constant,0.5,before,0.25,0.6931471805599453
2,86,1,1,cumulative_beta,0.6904761904761905,before,0.09580498866213152,0.37037378829689427
2,86,1,1,windowed_beta,0.6363636363636364,before,0.1322314049586777,0.45198512374305727
2,87,1,1,constant,0.5,before,0.25,0.6931471805599453
2,87,1,1,cumulative_beta,0.6976744186046512,before,0.09140075716603568,0.36000273403140703
2,87,1,1,windowed_beta,0.6363636363636364,before,0.1322314049586777,0.45198512374305727
2,88,0,0,constant,0.5,before,0.25,0.6931471805599453
2,88,0,0,cumulative_beta,0.08333333333333333,before,0.006944444444444444,0.08701137698962981
2,88,0,0,windowed_beta,0.09090909090909091,before,0.008264462809917356,0.0953101798043249
2,89,0,0,constant,0.5,before,0.25,0.6931471805599453
2,89,0,0,cumulative_beta,0.08163265306122448,before,0.006663890045814243,0.08515780834030683
2,89,0,0,windowed_beta,0.09090909090909091,before,0.008264462809917356,0.0953101798043249
2,90,1,1,constant,0.5,before,0.25,0.6931471805599453
2,90,1,1,cumulative_beta,0.7045454545454546,before,0.08729338842975204,0.35020242943311486
2,90,1,1,windowed_beta,0.6363636363636364,before,0.1322314049586777,0.45198512374305727
2,91,1,0,constant,0.5,before,0.25,0.6931471805599453
2,91,1,0,cumulative_beta,0.7111111111111111,before,0.505679012345679,1.241713132308783
2,91,1,0,windowed_beta,0.6818181818181818,before,0.4648760330578512,1.1451323043030024
2,92,1,1,constant,0.5,before,0.25,0.6931471805599453
2,92,1,1,cumulative_beta,0.6956521739130435,before,0.09262759924385634,0.3629054936893685
2,92,1,1,windowed_beta,0.6363636363636364,before,0.1322314049586777,0.45198512374305727
2,93,0,0,constant,0.5,before,0.25,0.6931471805599453
2,93,0,0,cumulative_beta,0.08,before,0.0064,0.08338160893905101
2,93,0,0,windowed_beta,0.09090909090909091,before,0.008264462809917356,0.0953101798043249
2,94,0,0,constant,0.5,before,0.25,0.6931471805599453
2,94,0,0,cumulative_beta,0.0784313725490196,before,0.006151480199923107,0.08167803101426713
2,94,0,0,windowed_beta,0.09090909090909091,before,0.008264462809917356,0.0953101798043249
2,95,1,1,constant,0.5,before,0.25,0.6931471805599453
2,95,1,1,cumulative_beta,0.7021276595744681,before,0.08872793119058396,0.3536400402435783
2,95,1,1,windowed_beta,0.6363636363636364,before,0.1322314049586777,0.45198512374305727
2,96,0,0,constant,0.5,before,0.25,0.6931471805599453
2,96,0,0,cumulative_beta,0.07692307692307693,before,0.00591715976331361,0.08004270767353637
2,96,0,0,windowed_beta,0.09090909090909091,before,0.008264462809917356,0.0953101798043249
2,97,0,0,constant,0.5,before,0.25,0.6931471805599453
2,97,0,0,cumulative_beta,0.07547169811320754,before,0.005695977216091135,0.07847161544149521
2,97,0,0,windowed_beta,0.09090909090909091,before,0.008264462809917356,0.0953101798043249
2,98,0,0,constant,0.5,before,0.25,0.6931471805599453
2,98,0,0,cumulative_beta,0.07407407407407407,before,0.0054869684499314125,0.07696104113612832
2,98,0,0,windowed_beta,0.09090909090909091,before,0.008264462809917356,0.0953101798043249
2,99,1,1,constant,0.5,before,0.25,0.6931471805599453
2,99,1,1,cumulative_beta,0.7083333333333334,before,0.08506944444444442,0.3448404862917295
2,99,1,1,windowed_beta,0.6818181818181818,before,0.10123966942148764,0.38299225225610584
2,100,1,1,constant,0.5,after,0.25,0.6931471805599453
2,100,1,1,cumulative_beta,0.7142857142857143,after,0.08163265306122448,0.3364722366212129
2,100,1,1,windowed_beta,0.6818181818181818,after,0.10123966942148764,0.38299225225610584
2,101,1,0,constant,0.5,after,0.25,0.6931471805599453
2,101,1,0,cumulative_beta,0.72,after,0.5184,1.2729656758128873
2,101,1,0,windowed_beta,0.6818181818181818,after,0.4648760330578512,1.1451323043030024
2,102,1,0,constant,0.5,after,0.25,0.6931471805599453
2,102,1,0,cumulative_beta,0.7058823529411765,after,0.4982698961937717,1.2237754316221159
2,102,1,0,windowed_beta,0.6363636363636364,after,0.4049586776859504,1.0116009116784799
2,103,1,0,constant,0.5,after,0.25,0.6931471805599453
2,103,1,0,cumulative_beta,0.6923076923076923,after,0.4792899408284023,1.1786549963416462
2,103,1,0,windowed_beta,0.6363636363636364,after,0.4049586776859504,1.0116009116784799
2,104,1,1,constant,0.5,after,0.25,0.6931471805599453
2,104,1,1,cumulative_beta,0.6792452830188679,after,0.10288358846564616,0.3867729750960119
2,104,1,1,windowed_beta,0.5909090909090909,after,0.16735537190082642,0.5260930958967791
2,105,0,0,constant,0.5,after,0.25,0.6931471805599453
2,105,0,0,cumulative_beta,0.07272727272727272,after,0.005289256198347107,0.07550755250814517
2,105,0,0,windowed_beta,0.09090909090909091,after,0.008264462809917356,0.0953101798043249
2,106,1,1,constant,0.5,after,0.25,0.6931471805599453
2,106,1,1,cumulative_beta,0.6851851851851852,after,0.09910836762688612,0.3780661339200499
2,106,1,1,windowed_beta,0.6363636363636364,after,0.1322314049586777,0.45198512374305727
2,107,1,0,constant,0.5,after,0.25,0.6931471805599453
2,107,1,0,cumulative_beta,0.6909090909090909,after,0.47735537190082644,1.1741198411762548
2,107,1,0,windowed_beta,0.6363636363636364,after,0.4049586776859504,1.0116009116784799
2,108,0,1,constant,0.5,after,0.25,0.6931471805599453
2,108,0,1,cumulative_beta,0.07142857142857142,after,0.8622448979591837,2.639057329615259
2,108,0,1,windowed_beta,0.09090909090909091,after,0.8264462809917354,2.3978952727983707
2,109,0,1,constant,0.5,after,0.25,0.6931471805599453
2,109,0,1,cumulative_beta,0.08771929824561403,after,0.8322560787934749,2.4336133554004498
2,109,0,1,windowed_beta,0.13636363636363635,after,0.7458677685950413,1.9924301646902063
2,110,0,0,constant,0.5,after,0.25,0.6931471805599453
2,110,0,0,cumulative_beta,0.10344827586206896,after,0.01070154577883472,0.10919929196499197
2,110,0,0,windowed_beta,0.18181818181818182,after,0.03305785123966942,0.20067069546215124
2,111,0,1,constant,0.5,after,0.25,0.6931471805599453
2,111,0,1,cumulative_beta,0.1016949152542373,after,0.806952025280092,2.2857779746776643
2,111,0,1,windowed_beta,0.18181818181818182,after,0.6694214876033057,1.7047480922384253
2,112,1,0,constant,0.5,after,0.25,0.6931471805599453
2,112,1,0,cumulative_beta,0.6785714285714286,after,0.46045918367346944,1.1349799328389847
2,112,1,0,windowed_beta,0.5909090909090909,after,0.3491735537190083,0.8938178760220965
2,113,1,0,constant,0.5,after,0.25,0.6931471805599453
2,113,1,0,cumulative_beta,0.6666666666666666,after,0.4444444444444444,1.0986122886681096
2,113,1,0,windowed_beta,0.5454545454545454,after,0.29752066115702475,0.78845736036427
2,114,0,1,constant,0.5,after,0.25,0.6931471805599453
2,114,0,1,cumulative_beta,0.11666666666666667,after,0.7802777777777777,2.1484344131667874
2,114,0,1,windowed_beta,0.22727272727272727,after,0.5971074380165289,1.4816045409242156
2,115,0,1,constant,0.5,after,0.25,0.6931471805599453
2,115,0,1,cumulative_beta,0.13114754098360656,after,0.7549045955388336,2.031432322493475
2,115,0,1,windowed_beta,0.2727272727272727,after,0.5289256198347108,1.2992829841302609
2,116,1,0,constant,0.5,after,0.25,0.6931471805599453
2,116,1,0,cumulative_beta,0.6551724137931034,after,0.42925089179548154,1.0647107369924282
2,116,1,0,windowed_beta,0.5454545454545454,after,0.29752066115702475,0.78845736036427
2,117,0,1,constant,0.5,after,0.25,0.6931471805599453
2,117,0,1,cumulative_beta,0.14516129032258066,after,0.7307492195629552,1.929909807708872
2,117,0,1,windowed_beta,0.3181818181818182,after,0.4648760330578513,1.1451323043030026
2,118,0,1,constant,0.5,after,0.25,0.6931471805599453
2,118,0,1,cumulative_beta,0.15873015873015872,after,0.7077349458301839,1.8405496333974871
2,118,0,1,windowed_beta,0.36363636363636365,after,0.4049586776859504,1.0116009116784799
2,119,1,0,constant,0.5,after,0.25,0.6931471805599453
2,119,1,0,cumulative_beta,0.6440677966101694,after,0.4148233266302786,1.0330150061822962
2,119,1,0,windowed_beta,0.5,after,0.25,0.6931471805599453
2,120,1,0,constant,0.5,after,0.25,0.6931471805599453
2,120,1,0,cumulative_beta,0.6333333333333333,after,0.4011111111111111,1.0033021088637848
2,120,1,0,windowed_beta,0.5,after,0.25,0.6931471805599453
2,121,1,0,constant,0.5,after,0.25,0.6931471805599453
2,121,1,0,cumulative_beta,0.6229508196721312,after,0.3880677237301801,0.9753796482441617
2,121,1,0,windowed_beta,0.5,after,0.25,0.6931471805599453
2,122,0,1,constant,0.5,after,0.25,0.6931471805599453
2,122,0,1,cumulative_beta,0.171875,after,0.685791015625,1.7609878105613013
2,122,0,1,windowed_beta,0.4090909090909091,after,0.34917355371900816,0.8938178760220964
2,123,1,0,constant,0.5,after,0.25,0.6931471805599453
2,123,1,0,cumulative_beta,0.6129032258064516,after,0.3756503642039542,0.9490805546971459
2,123,1,0,windowed_beta,0.45454545454545453,after,0.20661157024793386,0.6061358035703156
2,124,1,1,constant,0.5,after,0.25,0.6931471805599453
2,124,1,1,cumulative_beta,0.6031746031746031,after,0.1574703955656337,0.505548566665147
2,124,1,1,windowed_beta,0.4090909090909091,after,0.34917355371900816,0.8938178760220964
2,125,1,0,constant,0.5,after,0.25,0.6931471805599453
2,125,1,0,cumulative_beta,0.609375,after,0.371337890625,0.9400072584914712
2,125,1,0,windowed_beta,0.4090909090909091,after,0.16735537190082647,0.5260930958967792
2,126,0,1,constant,0.5,after,0.25,0.6931471805599453
2,126,0,1,cumulative_beta,0.18461538461538463,after,0.6648520710059171,1.6894806201076367
2,126,0,1,windowed_beta,0.45454545454545453,after,0.29752066115702475,0.7884573603642702
2,127,1,0,constant,0.5,after,0.25,0.6931471805599453
2,127,1,0,cumulative_beta,0.6,after,0.36,0.916290731874155
2,127,1,0,windowed_beta,0.36363636363636365,after,0.1322314049586777,0.45198512374305727
2,128,1,0,constant,0.5,after,0.25,0.6931471805599453
2,128,1,0,cumulative_beta,0.5909090909090909,after,0.3491735537190083,0.8938178760220965
2,128,1,0,windowed_beta,0.36363636363636365,after,0.1322314049586777,0.45198512374305727
2,129,0,1,constant,0.5,after,0.25,0.6931471805599453
2,129,0,1,cumulative_beta,0.19696969696969696,after,0.6448576675849402,1.6247053845648889
2,129,0,1,windowed_beta,0.5,after,0.25,0.6931471805599453
2,130,1,0,constant,0.5,after,0.25,0.6931471805599453
2,130,1,0,cumulative_beta,0.582089552238806,after,0.33882824682557366,0.8724881092157621
2,130,1,0,windowed_beta,0.3181818181818182,after,0.1012396694214876,0.3829922522561057
2,131,1,0,constant,0.5,after,0.25,0.6931471805599453
2,131,1,0,cumulative_beta,0.5735294117647058,after,0.3289359861591695,0.8522118751896326
2,131,1,0,windowed_beta,0.2727272727272727,after,0.07438016528925619,0.3184537311185346
2,132,1,0,constant,0.5,after,0.25,0.6931471805599453
2,132,1,0,cumulative_beta,0.5652173913043478,after,0.3194706994328922,0.8329091229351039
2,132,1,0,windowed_beta,0.22727272727272727,after,0.051652892561983466,0.2578291093020998
2,133,0,1,constant,0.5,after,0.25,0.6931471805599453
2,133,0,1,cumulative_beta,0.208955223880597,after,0.6257518378257965,1.5656352897757075
2,133,0,1,windowed_beta,0.5,after,0.25,0.6931471805599453
2,134,1,0,constant,0.5,after,0.25,0.6931471805599453
2,134,1,0,cumulative_beta,0.5571428571428572,after,0.3104081632653061,0.8145080375642128
2,134,1,0,windowed_beta,0.18181818181818182,after,0.03305785123966942,0.20067069546215124
2,135,1,0,constant,0.5,after,0.25,0.6931471805599453
2,135,1,0,cumulative_beta,0.5492957746478874,after,0.30172584804602265,0.796943974241589
2,135,1,0,windowed_beta,0.18181818181818182,after,0.03305785123966942,0.20067069546215124
2,136,0,1,constant,0.5,after,0.25,0.6931471805599453
2,136,0,1,cumulative_beta,0.22058823529411764,after,0.6074826989619377,1.5114575040738967
2,136,0,1,windowed_beta,0.5454545454545454,after,0.20661157024793392,0.6061358035703156
2,137,1,0,constant,0.5,after,0.25,0.6931471805599453
2,137,1,0,cumulative_beta,0.5416666666666666,after,0.29340277777777773,0.780158557549575
2,137,1,0,windowed_beta,0.18181818181818182,after,0.03305785123966942,0.20067069546215124
2,138,1,0,constant,0.5,after,0.25,0.6931471805599453
2,138,1,0,cumulative_beta,0.5342465753424658,after,0.28541940326515297,0.7640989165322298
2,138,1,0,windowed_beta,0.18181818181818182,after,0.03305785123966942,0.20067069546215124
2,139,1,1,constant,0.5,after,0.25,0.6931471805599453
2,139,1,1,cumulative_beta,0.527027027027027,after,0.22370343316289268,0.6405034470745234
2,139,1,1,windowed_beta,0.13636363636363635,after,0.7458677685950413,1.9924301646902063
2,140,0,1,constant,0.5,after,0.25,0.6931471805599453
2,140,0,1,cumulative_beta,0.2318840579710145,after,0.5900021003990757,1.461517782357478
2,140,0,1,windowed_beta,0.5909090909090909,after,0.16735537190082642,0.5260930958967791
2,141,1,0,constant,0.5,after,0.25,0.6931471805599453
2,141,1,0,cumulative_beta,0.5333333333333333,after,0.28444444444444444,0.7621400520468967
2,141,1,0,windowed_beta,0.13636363636363635,after,0.018595041322314047,0.1466034741918754
2,142,0,1,constant,0.5,after,0.25,0.6931471805599453
2,142,0,1,cumulative_beta,0.24285714285714285,after,0.573265306122449,1.415281897993143
2,142,0,1,windowed_beta,0.6363636363636364,after,0.1322314049586777,0.45198512374305727
2,143,0,1,constant,0.5,after,0.25,0.6931471805599453
2,143,0,1,cumulative_beta,0.2535211267605634,after,0.557230708192819,1.3723081191451507
2,143,0,1,windowed_beta,0.6818181818181818,after,0.10123966942148764,0.38299225225610584
2,144,1,0,constant,0.5,after,0.25,0.6931471805599453
2,144,1,0,cumulative_beta,0.5263157894736842,after,0.27700831024930744,0.747214401830221
2,144,1,0,windowed_beta,0.13636363636363635,after,0.018595041322314047,0.1466034741918754
2,145,0,1,constant,0.5,after,0.25,0.6931471805599453
2,145,0,1,cumulative_beta,0.2638888888888889,after,0.5418595679012347,1.3322271398496148
2,145,0,1,windowed_beta,0.7272727272727273,after,0.07438016528925619,0.3184537311185346
2,146,0,1,constant,0.5,after,0.25,0.6931471805599453
2,146,0,1,cumulative_beta,0.273972602739726,after,0.5271157815725277,1.2947271675944
2,146,0,1,windowed_beta,0.7727272727272727,after,0.05165289256198348,0.2578291093020998
2,147,1,0,constant,0.5,after,0.25,0.6931471805599453
2,147,1,0,cumulative_beta,0.5194805194805194,after,0.2698600101197503,0.7328875092094593
2,147,1,0,windowed_beta,0.13636363636363635,after,0.018595041322314047,0.1466034741918754
2,148,1,1,constant,0.5,after,0.25,0.6931471805599453
2,148,1,1,cumulative_beta,0.5128205128205128,after,0.23734385272846817,0.6678293725756556
2,148,1,1,windowed_beta,0.13636363636363635,after,0.7458677685950413,1.9924301646902063
2,149,1,0,constant,0.5,after,0.25,0.6931471805599453
2,149,1,0,cumulative_beta,0.5189873417721519,after,0.2693478609197244,0.7318616927406357
2,149,1,0,windowed_beta,0.18181818181818182,after,0.03305785123966942,0.20067069546215124
2,150,0,1,constant,0.5,after,0.25,0.6931471805599453
2,150,0,1,cumulative_beta,0.28378378378378377,after,0.5129656683710738,1.2595426554807467
2,150,0,1,windowed_beta,0.8181818181818182,after,0.0330578512396694,0.2006706954621511
2,151,0,1,constant,0.5,after,0.25,0.6931471805599453
2,151,0,1,cumulative_beta,0.29333333333333333,after,0.49937777777777775,1.2264456601779945
2,151,0,1,windowed_beta,0.8636363636363636,after,0.018595041322314047,0.1466034741918754
2,152,0,1,constant,0.5,after,0.25,0.6931471805599453
2,152,0,1,cumulative_beta,0.3026315789473684,after,0.4863227146814405,1.1952391243571814
2,152,0,1,windowed_beta,0.9090909090909091,after,0.00826446280991736,0.0953101798043249
2,153,1,0,constant,0.5,after,0.25,0.6931471805599453
2,153,1,0,cumulative_beta,0.5125,after,0.26265625,0.7184649885442351
2,153,1,0,windowed_beta,0.18181818181818182,after,0.03305785123966942,0.20067069546215124
2,154,1,1,constant,0.5,after,0.25,0.6931471805599453
2,154,1,1,cumulative_beta,0.5061728395061729,after,0.2438652644413961,0.680877087968131
2,154,1,1,windowed_beta,0.18181818181818182,after,0.6694214876033057,1.7047480922384253
2,155,1,0,constant,0.5,after,0.25,0.6931471805599453
2,155,1,0,cumulative_beta,0.5121951219512195,after,0.26234384295062463,0.7178397931503169
2,155,1,0,windowed_beta,0.22727272727272727,after,0.051652892561983466,0.2578291093020998
2,156,1,0,constant,0.5,after,0.25,0.6931471805599453
2,156,1,0,cumulative_beta,0.5060240963855421,after,0.25606038612280446,0.7052685410922901
2,156,1,0,windowed_beta,0.22727272727272727,after,0.051652892561983466,0.2578291093020998
2,157,1,0,constant,0.5,after,0.25,0.6931471805599453
2,157,1,0,cumulative_beta,0.5,after,0.25,0.6931471805599453
2,157,1,0,windowed_beta,0.18181818181818182,after,0.03305785123966942,0.20067069546215124
2,158,0,0,constant,0.5,after,0.25,0.6931471805599453
2,158,0,0,cumulative_beta,0.3116883116883117,after,0.09714960364311014,0.373513508301562
2,158,0,0,windowed_beta,0.9090909090909091,after,0.8264462809917354,2.3978952727983702
2,159,1,0,constant,0.5,after,0.25,0.6931471805599453
2,159,1,0,cumulative_beta,0.49411764705882355,after,0.24415224913494812,0.6814511407967541
2,159,1,0,windowed_beta,0.18181818181818182,after,0.03305785123966942,0.20067069546215124
2,160,1,0,constant,0.5,after,0.25,0.6931471805599453
2,160,1,0,cumulative_beta,0.4883720930232558,after,0.23850730124391561,0.6701576623352465
2,160,1,0,windowed_beta,0.18181818181818182,after,0.03305785123966942,0.20067069546215124
2,161,0,1,constant,0.5,after,0.25,0.6931471805599453
2,161,0,1,cumulative_beta,0.3076923076923077,after,0.4792899408284023,1.1786549963416462
2,161,0,1,windowed_beta,0.8636363636363636,after,0.018595041322314047,0.1466034741918754
2,162,0,1,constant,0.5,after,0.25,0.6931471805599453
2,162,0,1,cumulative_beta,0.31645569620253167,after,0.4672328152539657,1.1505720275988207
2,162,0,1,windowed_beta,0.9090909090909091,after,0.00826446280991736,0.0953101798043249
2,163,0,1,constant,0.5,after,0.25,0.6931471805599453
2,163,0,1,cumulative_beta,0.325,after,0.45562500000000006,1.1239300966523995
2,163,0,1,windowed_beta,0.9090909090909091,after,0.00826446280991736,0.0953101798043249
2,164,0,1,constant,0.5,after,0.25,0.6931471805599453
2,164,0,1,cumulative_beta,0.3333333333333333,after,0.44444444444444453,1.0986122886681098
2,164,0,1,windowed_beta,0.9090909090909091,after,0.00826446280991736,0.0953101798043249
2,165,1,0,constant,0.5,after,0.25,0.6931471805599453
2,165,1,0,cumulative_beta,0.4827586206896552,after,0.2330558858501784,0.6592456288842641
2,165,1,0,windowed_beta,0.18181818181818182,after,0.03305785123966942,0.20067069546215124
2,166,0,1,constant,0.5,after,0.25,0.6931471805599453
2,166,0,1,cumulative_beta,0.34146341463414637,after,0.43367043426531815,1.074514737089049
2,166,0,1,windowed_beta,0.9090909090909091,after,0.00826446280991736,0.0953101798043249
2,167,1,0,constant,0.5,after,0.25,0.6931471805599453
2,167,1,0,cumulative_beta,0.4772727272727273,after,0.22778925619834714,0.6486954179891115
2,167,1,0,windowed_beta,0.18181818181818182,after,0.03305785123966942,0.20067069546215124
2,168,1,0,constant,0.5,after,0.25,0.6931471805599453
2,168,1,0,cumulative_beta,0.47191011235955055,after,0.22269915414720362,0.6384887680220813
2,168,1,0,windowed_beta,0.18181818181818182,after,0.03305785123966942,0.20067069546215124
2,169,0,1,constant,0.5,after,0.25,0.6931471805599453
2,169,0,1,cumulative_beta,0.3493975903614458,after,0.4232834954274931,1.051544777810124
2,169,0,1,windowed_beta,0.9090909090909091,after,0.00826446280991736,0.0953101798043249
2,170,1,1,constant,0.5,after,0.25,0.6931471805599453
2,170,1,1,cumulative_beta,0.4666666666666667,after,0.28444444444444444,0.7621400520468967
2,170,1,1,windowed_beta,0.18181818181818182,after,0.6694214876033057,1.7047480922384253
2,171,1,1,constant,0.5,after,0.25,0.6931471805599453
2,171,1,1,cumulative_beta,0.4725274725274725,after,0.27822726723825625,0.7496593908232877
2,171,1,1,windowed_beta,0.22727272727272727,after,0.5971074380165289,1.4816045409242156
2,172,1,0,constant,0.5,after,0.25,0.6931471805599453
2,172,1,0,cumulative_beta,0.4782608695652174,after,0.2287334593572779,0.6505875661411494
2,172,1,0,windowed_beta,0.2727272727272727,after,0.07438016528925619,0.3184537311185346
2,173,1,1,constant,0.5,after,0.25,0.6931471805599453
2,173,1,1,cumulative_beta,0.4731182795698925,after,0.27760434732338996,0.7484098592349947
2,173,1,1,windowed_beta,0.2727272727272727,after,0.5289256198347108,1.2992829841302609
2,174,0,1,constant,0.5,after,0.25,0.6931471805599453
2,174,0,1,cumulative_beta,0.35714285714285715,after,0.4132653061224489,1.0296194171811581
2,174,0,1,windowed_beta,0.9090909090909091,after,0.00826446280991736,0.0953101798043249
2,175,1,0,constant,0.5,after,0.25,0.6931471805599453
2,175,1,0,cumulative_beta,0.4787234042553192,after,0.22917609778180176,0.6514744841593775
2,175,1,0,windowed_beta,0.3181818181818182,after,0.1012396694214876,0.3829922522561057
2,176,0,1,constant,0.5,after,0.25,0.6931471805599453
2,176,0,1,cumulative_beta,0.36470588235294116,after,0.40359861591695495,1.0086640520051702
2,176,0,1,windowed_beta,0.9090909090909091,after,0.00826446280991736,0.0953101798043249
2,177,0,1,constant,0.5,after,0.25,0.6931471805599453
2,177,0,1,cumulative_beta,0.37209302325581395,after,0.3942671714440238,0.9886113934537812
2,177,0,1,windowed_beta,0.9090909090909091,after,0.00826446280991736,0.0953101798043249
2,178,0,1,constant,0.5,after,0.25,0.6931471805599453
2,178,0,1,cumulative_beta,0.3793103448275862,after,0.38525564803804996,0.9694005571881036
2,178,0,1,windowed_beta,0.9090909090909091,after,0.00826446280991736,0.0953101798043249
2,179,1,0,constant,0.5,after,0.25,0.6931471805599453
2,179,1,0,cumulative_beta,0.47368421052631576,after,0.22437673130193903,0.6418538861723946
2,179,1,0,windowed_beta,0.2727272727272727,after,0.07438016528925619,0.3184537311185346
2,180,1,0,constant,0.5,after,0.25,0.6931471805599453
2,180,1,0,cumulative_beta,0.46875,after,0.2197265625,0.6325225587435105
2,180,1,0,windowed_beta,0.2727272727272727,after,0.07438016528925619,0.3184537311185346
2,181,1,0,constant,0.5,after,0.25,0.6931471805599453
2,181,1,0,cumulative_beta,0.4639175257731959,after,0.21521947071952388,0.6234672599219555
2,181,1,0,windowed_beta,0.2727272727272727,after,0.07438016528925619,0.3184537311185346
2,182,1,0,constant,0.5,after,0.25,0.6931471805599453
2,182,1,0,cumulative_beta,0.45918367346938777,after,0.21084964598084133,0.61467556511845
2,182,1,0,windowed_beta,0.2727272727272727,after,0.07438016528925619,0.3184537311185346
2,183,0,1,constant,0.5,after,0.25,0.6931471805599453
2,183,0,1,cumulative_beta,0.38636363636363635,after,0.3765495867768595,0.9509762898620451
2,183,0,1,windowed_beta,0.9090909090909091,after,0.00826446280991736,0.0953101798043249
2,184,0,1,constant,0.5,after,0.25,0.6931471805599453
2,184,0,1,cumulative_beta,0.39325842696629215,after,0.3681353364474182,0.9332883082427261
2,184,0,1,windowed_beta,0.9090909090909091,after,0.00826446280991736,0.0953101798043249
2,185,0,0,constant,0.5,after,0.25,0.6931471805599453
2,185,0,0,cumulative_beta,0.4,after,0.16000000000000003,0.5108256237659907
2,185,0,0,windowed_beta,0.9090909090909091,after,0.8264462809917354,2.3978952727983702
2,186,0,0,constant,0.5,after,0.25,0.6931471805599453
2,186,0,0,cumulative_beta,0.3956043956043956,after,0.15650283782151914,0.503526321284379
2,186,0,0,windowed_beta,0.8636363636363636,after,0.7458677685950413,1.9924301646902063
2,187,0,1,constant,0.5,after,0.25,0.6931471805599453
2,187,0,1,cumulative_beta,0.391304347826087,after,0.37051039697542537,0.9382696385929302
2,187,0,1,windowed_beta,0.8181818181818182,after,0.0330578512396694,0.2006706954621511
2,188,1,0,constant,0.5,after,0.25,0.6931471805599453
2,188,1,0,cumulative_beta,0.45454545454545453,after,0.20661157024793386,0.6061358035703156
2,188,1,0,windowed_beta,0.22727272727272727,after,0.051652892561983466,0.2578291093020998
2,189,0,1,constant,0.5,after,0.25,0.6931471805599453
2,189,0,1,cumulative_beta,0.3978494623655914,after,0.36258526997340734,0.9216815805090316
2,189,0,1,windowed_beta,0.8181818181818182,after,0.0330578512396694,0.2006706954621511
2,190,1,0,constant,0.5,after,0.25,0.6931471805599453
2,190,1,0,cumulative_beta,0.45,after,0.2025,0.5978370007556204
2,190,1,0,windowed_beta,0.22727272727272727,after,0.051652892561983466,0.2578291093020998
2,191,0,1,constant,0.5,after,0.25,0.6931471805599453
2,191,0,1,cumulative_beta,0.40425531914893614,after,0.35491172476233585,0.9057086225436182
2,191,0,1,windowed_beta,0.8181818181818182,after,0.0330578512396694,0.2006706954621511
2,192,0,1,constant,0.5,after,0.25,0.6931471805599453
2,192,0,1,cumulative_beta,0.4105263157894737,after,0.34747922437673134,0.8903152454708944
2,192,0,1,windowed_beta,0.8181818181818182,after,0.0330578512396694,0.2006706954621511
2,193,0,1,constant,0.5,after,0.25,0.6931471805599453
2,193,0,1,cumulative_beta,0.4166666666666667,after,0.3402777777777777,0.8754687373538999
2,193,0,1,windowed_beta,0.8181818181818182,after,0.0330578512396694,0.2006706954621511
2,194,1,0,constant,0.5,after,0.25,0.6931471805599453
2,194,1,0,cumulative_beta,0.44554455445544555,after,0.1985099500049015,0.5897688261061101
2,194,1,0,windowed_beta,0.22727272727272727,after,0.051652892561983466,0.2578291093020998
2,195,1,1,constant,0.5,after,0.25,0.6931471805599453
2,195,1,1,cumulative_beta,0.4411764705882353,after,0.31228373702422146,0.8183103235139514
2,195,1,1,windowed_beta,0.18181818181818182,after,0.6694214876033057,1.7047480922384253
2,196,1,0,constant,0.5,after,0.25,0.6931471805599453
2,196,1,0,cumulative_beta,0.44660194174757284,after,0.19945329437270246,0.5916777203950857
2,196,1,0,windowed_beta,0.22727272727272727,after,0.051652892561983466,0.2578291093020998
2,197,0,1,constant,0.5,after,0.25,0.6931471805599453
2,197,0,1,cumulative_beta,0.422680412371134,after,0.3332979062599638,0.861138911799075
2,197,0,1,windowed_beta,0.8181818181818182,after,0.0330578512396694,0.2006706954621511
2,198,0,1,constant,0.5,after,0.25,0.6931471805599453
2,198,0,1,cumulative_beta,0.42857142857142855,after,0.32653061224489793,0.8472978603872037
2,198,0,1,windowed_beta,0.8636363636363636,after,0.018595041322314047,0.1466034741918754
2,199,1,0,constant,0.5,after,0.25,0.6931471805599453
2,199,1,0,cumulative_beta,0.4423076923076923,after,0.1956360946745562,0.5839478885949533
2,199,1,0,windowed_beta,0.22727272727272727,after,0.051652892561983466,0.2578291093020998
3,0,1,1,constant,0.5,before,0.25,0.6931471805599453
3,0,1,1,cumulative_beta,0.5,before,0.25,0.6931471805599453
3,0,1,1,windowed_beta,0.5,before,0.25,0.6931471805599453
3,1,0,0,constant,0.5,before,0.25,0.6931471805599453
3,1,0,0,cumulative_beta,0.5,before,0.25,0.6931471805599453
3,1,0,0,windowed_beta,0.5,before,0.25,0.6931471805599453
3,2,1,1,constant,0.5,before,0.25,0.6931471805599453
3,2,1,1,cumulative_beta,0.6666666666666666,before,0.11111111111111113,0.40546510810816444
3,2,1,1,windowed_beta,0.6666666666666666,before,0.11111111111111113,0.40546510810816444
3,3,0,0,constant,0.5,before,0.25,0.6931471805599453
3,3,0,0,cumulative_beta,0.3333333333333333,before,0.1111111111111111,0.4054651081081643
3,3,0,0,windowed_beta,0.3333333333333333,before,0.1111111111111111,0.4054651081081643
3,4,1,1,constant,0.5,before,0.25,0.6931471805599453
3,4,1,1,cumulative_beta,0.75,before,0.0625,0.2876820724517809
3,4,1,1,windowed_beta,0.75,before,0.0625,0.2876820724517809
3,5,1,1,constant,0.5,before,0.25,0.6931471805599453
3,5,1,1,cumulative_beta,0.8,before,0.03999999999999998,0.2231435513142097
3,5,1,1,windowed_beta,0.8,before,0.03999999999999998,0.2231435513142097
3,6,0,1,constant,0.5,before,0.25,0.6931471805599453
3,6,0,1,cumulative_beta,0.25,before,0.5625,1.3862943611198906
3,6,0,1,windowed_beta,0.25,before,0.5625,1.3862943611198906
3,7,1,0,constant,0.5,before,0.25,0.6931471805599453
3,7,1,0,cumulative_beta,0.8333333333333334,before,0.6944444444444445,1.7917594692280552
3,7,1,0,windowed_beta,0.8333333333333334,before,0.6944444444444445,1.7917594692280552
3,8,1,1,constant,0.5,before,0.25,0.6931471805599453
3,8,1,1,cumulative_beta,0.7142857142857143,before,0.08163265306122448,0.3364722366212129
3,8,1,1,windowed_beta,0.7142857142857143,before,0.08163265306122448,0.3364722366212129
3,9,0,0,constant,0.5,before,0.25,0.6931471805599453
3,9,0,0,cumulative_beta,0.4,before,0.16000000000000003,0.5108256237659907
3,9,0,0,windowed_beta,0.4,before,0.16000000000000003,0.5108256237659907
3,10,0,0,constant,0.5,before,0.25,0.6931471805599453
3,10,0,0,cumulative_beta,0.3333333333333333,before,0.1111111111111111,0.4054651081081643
3,10,0,0,windowed_beta,0.3333333333333333,before,0.1111111111111111,0.4054651081081643
3,11,1,1,constant,0.5,before,0.25,0.6931471805599453
3,11,1,1,cumulative_beta,0.75,before,0.0625,0.2876820724517809
3,11,1,1,windowed_beta,0.75,before,0.0625,0.2876820724517809
3,12,0,0,constant,0.5,before,0.25,0.6931471805599453
3,12,0,0,cumulative_beta,0.2857142857142857,before,0.08163265306122448,0.3364722366212129
3,12,0,0,windowed_beta,0.2857142857142857,before,0.08163265306122448,0.3364722366212129
3,13,0,0,constant,0.5,before,0.25,0.6931471805599453
3,13,0,0,cumulative_beta,0.25,before,0.0625,0.2876820724517809
3,13,0,0,windowed_beta,0.25,before,0.0625,0.2876820724517809
3,14,1,1,constant,0.5,before,0.25,0.6931471805599453
3,14,1,1,cumulative_beta,0.7777777777777778,before,0.04938271604938271,0.25131442828090605
3,14,1,1,windowed_beta,0.7777777777777778,before,0.04938271604938271,0.25131442828090605
3,15,1,1,constant,0.5,before,0.25,0.6931471805599453
3,15,1,1,cumulative_beta,0.8,before,0.03999999999999998,0.2231435513142097
3,15,1,1,windowed_beta,0.8,before,0.03999999999999998,0.2231435513142097
3,16,0,0,constant,0.5,before,0.25,0.6931471805599453
3,16,0,0,cumulative_beta,0.2222222222222222,before,0.04938271604938271,0.25131442828090605
3,16,0,0,windowed_beta,0.2222222222222222,before,0.04938271604938271,0.25131442828090605
3,17,0,0,constant,0.5,before,0.25,0.6931471805599453
3,17,0,0,cumulative_beta,0.2,before,0.04000000000000001,0.2231435513142097
3,17,0,0,windowed_beta,0.2,before,0.04000000000000001,0.2231435513142097
3,18,0,0,constant,0.5,before,0.25,0.6931471805599453
3,18,0,0,cumulative_beta,0.18181818181818182,before,0.03305785123966942,0.20067069546215124
3,18,0,0,windowed_beta,0.18181818181818182,before,0.03305785123966942,0.20067069546215124
3,19,0,0,constant,0.5,before,0.25,0.6931471805599453
3,19,0,0,cumulative_beta,0.16666666666666666,before,0.027777777777777776,0.1823215567939546
3,19,0,0,windowed_beta,0.16666666666666666,before,0.027777777777777776,0.1823215567939546
3,20,1,1,constant,0.5,before,0.25,0.6931471805599453
3,20,1,1,cumulative_beta,0.8181818181818182,before,0.0330578512396694,0.2006706954621511
3,20,1,1,windowed_beta,0.8181818181818182,before,0.0330578512396694,0.2006706954621511
3,21,0,1,constant,0.5,before,0.25,0.6931471805599453
3,21,0,1,cumulative_beta,0.15384615384615385,before,0.7159763313609467,1.8718021769015913
3,21,0,1,windowed_beta,0.15384615384615385,before,0.7159763313609467,1.8718021769015913
3,22,1,1,constant,0.5,before,0.25,0.6931471805599453
3,22,1,1,cumulative_beta,0.8333333333333334,before,0.027777777777777766,0.1823215567939546
3,22,1,1,windowed_beta,0.8333333333333334,before,0.027777777777777766,0.1823215567939546
3,23,0,0,constant,0.5,before,0.25,0.6931471805599453
3,23,0,0,cumulative_beta,0.21428571428571427,before,0.04591836734693877,0.2411620568168881
3,23,0,0,windowed_beta,0.21428571428571427,before,0.04591836734693877,0.2411620568168881
3,24,1,1,constant,0.5,before,0.25,0.6931471805599453
3,24,1,1,cumulative_beta,0.8461538461538461,before,0.02366863905325444,0.1670540846631662
3,24,1,1,windowed_beta,0.8461538461538461,before,0.02366863905325444,0.1670540846631662
3,25,0,1,constant,0.5,before,0.25,0.6931471805599453
3,25,0,1,cumulative_beta,0.2,before,0.6400000000000001,1.6094379124341003
3,25,0,1,windowed_beta,0.2,before,0.6400000000000001,1.6094379124341003
3,26,1,0,constant,0.5,before,0.25,0.6931471805599453
3,26,1,0,cumulative_beta,0.8571428571428571,before,0.7346938775510203,1.945910149055313
3,26,1,0,windowed_beta,0.8571428571428571,before,0.7346938775510203,1.945910149055313
3,27,0,0,constant,0.5,before,0.25,0.6931471805599453
3,27,0,0,cumulative_beta,0.25,before,0.0625,0.2876820724517809
3,27,0,0,windowed_beta,0.25,before,0.0625,0.2876820724517809
3,28,0,0,constant,0.5,before,0.25,0.6931471805599453
3,28,0,0,cumulative_beta,0.23529411764705882,before,0.05536332179930796,0.2682639865946794
3,28,0,0,windowed_beta,0.23529411764705882,before,0.05536332179930796,0.2682639865946794
3,29,1,0,constant,0.5,before,0.25,0.6931471805599453
3,29,1,0,cumulative_beta,0.8,before,0.6400000000000001,1.6094379124341005
3,29,1,0,windowed_beta,0.8,before,0.6400000000000001,1.6094379124341005
3,30,1,1,constant,0.5,before,0.25,0.6931471805599453
3,30,1,1,cumulative_beta,0.75,before,0.0625,0.2876820724517809
3,30,1,1,windowed_beta,0.75,before,0.0625,0.2876820724517809
3,31,0,0,constant,0.5,before,0.25,0.6931471805599453
3,31,0,0,cumulative_beta,0.2222222222222222,before,0.04938271604938271,0.25131442828090605
3,31,0,0,windowed_beta,0.2222222222222222,before,0.04938271604938271,0.25131442828090605
3,32,1,1,constant,0.5,before,0.25,0.6931471805599453
3,32,1,1,cumulative_beta,0.7647058823529411,before,0.05536332179930798,0.2682639865946794
3,32,1,1,windowed_beta,0.7647058823529411,before,0.05536332179930798,0.2682639865946794
3,33,0,0,constant,0.5,before,0.25,0.6931471805599453
3,33,0,0,cumulative_beta,0.21052631578947367,before,0.04432132963988919,0.2363887780642304
3,33,0,0,windowed_beta,0.21052631578947367,before,0.04432132963988919,0.2363887780642304
3,34,0,0,constant,0.5,before,0.25,0.6931471805599453
3,34,0,0,cumulative_beta,0.2,before,0.04000000000000001,0.2231435513142097
3,34,0,0,windowed_beta,0.2,before,0.04000000000000001,0.2231435513142097
3,35,1,0,constant,0.5,before,0.25,0.6931471805599453
3,35,1,0,cumulative_beta,0.7777777777777778,before,0.6049382716049383,1.5040773967762742
3,35,1,0,windowed_beta,0.7777777777777778,before,0.6049382716049383,1.5040773967762742
3,36,1,0,constant,0.5,before,0.25,0.6931471805599453
3,36,1,0,cumulative_beta,0.7368421052631579,before,0.5429362880886426,1.33500106673234
3,36,1,0,windowed_beta,0.7368421052631579,before,0.5429362880886426,1.33500106673234
3,37,0,1,constant,0.5,before,0.25,0.6931471805599453
3,37,0,1,cumulative_beta,0.19047619047619047,before,0.655328798185941,1.6582280766035324
3,37,0,1,windowed_beta,0.19047619047619047,before,0.655328798185941,1.6582280766035324
3,38,0,1,constant,0.5,before,0.25,0.6931471805599453
3,38,0,1,cumulative_beta,0.22727272727272727,before,0.5971074380165289,1.4816045409242156
3,38,0,1,windowed_beta,0.22727272727272727,before,0.5971074380165289,1.4816045409242156
3,39,1,1,constant,0.5,before,0.25,0.6931471805599453
3,39,1,1,cumulative_beta,0.7,before,0.09000000000000002,0.35667494393873245
3,39,1,1,windowed_beta,0.7,before,0.09000000000000002,0.35667494393873245
3,40,1,0,constant,0.5,before,0.25,0.6931471805599453
3,40,1,0,cumulative_beta,0.7142857142857143,before,0.5102040816326531,1.252762968495368
3,40,1,0,windowed_beta,0.7142857142857143,before,0.5102040816326531,1.252762968495368
3,41,0,0,constant,0.5,before,0.25,0.6931471805599453
3,41,0,0,cumulative_beta,0.2608695652173913,before,0.06805293005671077,0.3022808718729337
3,41,0,0,windowed_beta,0.2727272727272727,before,0.07438016528925619,0.3184537311185346
3,42,1,1,constant,0.5,before,0.25,0.6931471805599453
3,42,1,1,cumulative_beta,0.6818181818181818,before,0.10123966942148764,0.38299225225610584
3,42,1,1,windowed_beta,0.6818181818181818,before,0.10123966942148764,0.38299225225610584
3,43,1,1,constant,0.5,before,0.25,0.6931471805599453
3,43,1,1,cumulative_beta,0.6956521739130435,before,0.09262759924385634,0.3629054936893685
3,43,1,1,windowed_beta,0.6818181818181818,before,0.10123966942148764,0.38299225225610584
3,44,1,1,constant,0.5,before,0.25,0.6931471805599453
3,44,1,1,cumulative_beta,0.7083333333333334,before,0.08506944444444442,0.3448404862917295
3,44,1,1,windowed_beta,0.6818181818181818,before,0.10123966942148764,0.38299225225610584
3,45,1,1,constant,0.5,before,0.25,0.6931471805599453
3,45,1,1,cumulative_beta,0.72,before,0.07840000000000001,0.3285040669720361
3,45,1,1,windowed_beta,0.6818181818181818,before,0.10123966942148764,0.38299225225610584
3,46,0,0,constant,0.5,before,0.25,0.6931471805599453
3,46,0,0,cumulative_beta,0.25,before,0.0625,0.2876820724517809
3,46,0,0,windowed_beta,0.2727272727272727,before,0.07438016528925619,0.3184537311185346
3,47,0,0,constant,0.5,before,0.25,0.6931471805599453
3,47,0,0,cumulative_beta,0.24,before,0.0576,0.2744368457017603
3,47,0,0,windowed_beta,0.22727272727272727,before,0.051652892561983466,0.2578291093020998
3,48,1,1,constant,0.5,before,0.25,0.6931471805599453
3,48,1,1,cumulative_beta,0.7307692307692307,before,0.07248520710059174,0.31365755885504165
3,48,1,1,windowed_beta,0.6818181818181818,before,0.10123966942148764,0.38299225225610584
3,49,1,0,constant,0.5,before,0.25,0.6931471805599453
3,49,1,0,cumulative_beta,0.7407407407407407,before,0.5486968449931412,1.3499267169490157
3,49,1,0,windowed_beta,0.7272727272727273,before,0.5289256198347108,1.2992829841302609
3,50,0,0,constant,0.5,before,0.25,0.6931471805599453
3,50,0,0,cumulative_beta,0.23076923076923078,before,0.053254437869822494,0.2623642644674911
3,50,0,0,windowed_beta,0.22727272727272727,before,0.051652892561983466,0.2578291093020998
3,51,1,0,constant,0.5,before,0.25,0.6931471805599453
3,51,1,0,cumulative_beta,0.7142857142857143,before,0.5102040816326531,1.252762968495368
3,51,1,0,windowed_beta,0.6818181818181818,before,0.4648760330578512,1.1451323043030024
3,52,0,0,constant,0.5,before,0.25,0.6931471805599453
3,52,0,0,cumulative_beta,0.2222222222222222,before,0.04938271604938271,0.25131442828090605
3,52,0,0,windowed_beta,0.22727272727272727,before,0.051652892561983466,0.2578291093020998
3,53,0,0,constant,0.5,before,0.25,0.6931471805599453
3,53,0,0,cumulative_beta,0.21428571428571427,before,0.04591836734693877,0.2411620568168881
3,53,0,0,windowed_beta,0.22727272727272727,before,0.051652892561983466,0.2578291093020998
3,54,0,0,constant,0.5,before,0.25,0.6931471805599453
3,54,0,0,cumulative_beta,0.20689655172413793,before,0.04280618311533888,0.2318016140573243
3,54,0,0,windowed_beta,0.22727272727272727,before,0.051652892561983466,0.2578291093020998
3,55,0,0,constant,0.5,before,0.25,0.6931471805599453
3,55,0,0,cumulative_beta,0.2,before,0.04000000000000001,0.2231435513142097
3,55,0,0,windowed_beta,0.22727272727272727,before,0.051652892561983466,0.2578291093020998
3,56,1,0,constant,0.5,before,0.25,0.6931471805599453
3,56,1,0,cumulative_beta,0.6896551724137931,before,0.47562425683709875,1.1700712526502548
3,56,1,0,windowed_beta,0.6363636363636364,before,0.4049586776859504,1.0116009116784799
3,57,0,0,constant,0.5,before,0.25,0.6931471805599453
3,57,0,0,cumulative_beta,0.1935483870967742,before,0.037460978147762745,0.21511137961694557
3,57,0,0,windowed_beta,0.22727272727272727,before,0.051652892561983466,0.2578291093020998
3,58,0,0,constant,0.5,before,0.25,0.6931471805599453
3,58,0,0,cumulative_beta,0.1875,before,0.03515625,0.2076393647782445
3,58,0,0,windowed_beta,0.22727272727272727,before,0.051652892561983466,0.2578291093020998
3,59,0,0,constant,0.5,before,0.25,0.6931471805599453
3,59,0,0,cumulative_beta,0.18181818181818182,before,0.03305785123966942,0.20067069546215124
3,59,0,0,windowed_beta,0.22727272727272727,before,0.051652892561983466,0.2578291093020998
3,60,1,1,constant,0.5,before,0.25,0.6931471805599453
3,60,1,1,cumulative_beta,0.6666666666666666,before,0.11111111111111113,0.40546510810816444
3,60,1,1,windowed_beta,0.5909090909090909,before,0.16735537190082642,0.5260930958967791
3,61,1,1,constant,0.5,before,0.25,0.6931471805599453
3,61,1,1,cumulative_beta,0.6774193548387096,before,0.10405827263267432,0.3894647667617233
3,61,1,1,windowed_beta,0.5909090909090909,before,0.16735537190082642,0.5260930958967791
3,62,0,0,constant,0.5,before,0.25,0.6931471805599453
3,62,0,0,cumulative_beta,0.17647058823529413,before,0.031141868512110732,0.1941560144409575
3,62,0,0,windowed_beta,0.18181818181818182,before,0.03305785123966942,0.20067069546215124
3,63,0,0,constant,0.5,before,0.25,0.6931471805599453
3,63,0,0,cumulative_beta,0.17142857142857143,before,0.02938775510204082,0.18805223150293973
3,63,0,0,windowed_beta,0.18181818181818182,before,0.03305785123966942,0.20067069546215124
3,64,1,1,constant,0.5,before,0.25,0.6931471805599453
3,64,1,1,cumulative_beta,0.6875,before,0.09765625,0.3746934494414107
3,64,1,1,windowed_beta,0.5909090909090909,before,0.16735537190082642,0.5260930958967791
3,65,0,1,constant,0.5,before,0.25,0.6931471805599453
3,65,0,1,cumulative_beta,0.16666666666666666,before,0.6944444444444445,1.791759469228055
3,65,0,1,windowed_beta,0.13636363636363635,before,0.7458677685950413,1.9924301646902063
3,66,0,0,constant,0.5,before,0.25,0.6931471805599453
3,66,0,0,cumulative_beta,0.1891891891891892,before,0.03579254930606282,0.20972053098206914
3,66,0,0,windowed_beta,0.18181818181818182,before,0.03305785123966942,0.20067069546215124
3,67,0,0,constant,0.5,before,0.25,0.6931471805599453
3,67,0,0,cumulative_beta,0.18421052631578946,before,0.03393351800554016,0.20359895524123955
3,67,0,0,windowed_beta,0.18181818181818182,before,0.03305785123966942,0.20067069546215124
3,68,0,1,constant,0.5,before,0.25,0.6931471805599453
3,68,0,1,cumulative_beta,0.1794871794871795,before,0.6732412886259039,1.717651497074333
3,68,0,1,windowed_beta,0.18181818181818182,before,0.6694214876033057,1.7047480922384253
3,69,1,0,constant,0.5,before,0.25,0.6931471805599453
3,69,1,0,cumulative_beta,0.696969696969697,before,0.4857667584940313,1.1939224684724348
3,69,1,0,windowed_beta,0.5909090909090909,before,0.3491735537190083,0.8938178760220965
3,70,0,0,constant,0.5,before,0.25,0.6931471805599453
3,70,0,0,cumulative_beta,0.2,before,0.04000000000000001,0.2231435513142097
3,70,0,0,windowed_beta,0.22727272727272727,before,0.051652892561983466,0.2578291093020998
3,71,1,1,constant,0.5,before,0.25,0.6931471805599453
3,71,1,1,cumulative_beta,0.6764705882352942,before,0.10467128027681659,0.39086630868701167
3,71,1,1,windowed_beta,0.5454545454545454,before,0.20661157024793392,0.6061358035703156
3,72,1,1,constant,0.5,before,0.25,0.6931471805599453
3,72,1,1,cumulative_beta,0.6857142857142857,before,0.09877551020408162,0.37729423114146804
3,72,1,1,windowed_beta,0.5909090909090909,before,0.16735537190082642,0.5260930958967791
3,73,0,0,constant,0.5,before,0.25,0.6931471805599453
3,73,0,0,cumulative_beta,0.1951219512195122,before,0.0380725758477097,0.2170645052378275
3,73,0,0,windowed_beta,0.22727272727272727,before,0.051652892561983466,0.2578291093020998
3,74,1,0,constant,0.5,before,0.25,0.6931471805599453
3,74,1,0,cumulative_beta,0.6944444444444444,before,0.48225308641975306,1.1856236656577395
3,74,1,0,windowed_beta,0.6363636363636364,before,0.4049586776859504,1.0116009116784799
3,75,1,1,constant,0.5,before,0.25,0.6931471805599453
3,75,1,1,cumulative_beta,0.6756756756756757,before,0.10518626734842952,0.39204208777602373
3,75,1,1,windowed_beta,0.5909090909090909,before,0.16735537190082642,0.5260930958967791
3,76,0,0,constant,0.5,before,0.25,0.6931471805599453
3,76,0,0,cumulative_beta,0.19047619047619047,before,0.03628117913832199,0.2113090936672069
3,76,0,0,windowed_beta,0.18181818181818182,before,0.03305785123966942,0.20067069546215124
3,77,1,1,constant,0.5,before,0.25,0.6931471805599453
3,77,1,1,cumulative_beta,0.6842105263157895,before,0.09972299168975068,0.3794896217049037
3,77,1,1,windowed_beta,0.5909090909090909,before,0.16735537190082642,0.5260930958967791
3,78,0,0,constant,0.5,before,0.25,0.6931471805599453
3,78,0,0,cumulative_beta,0.18604651162790697,before,0.03461330448891292,0.20585205420414873
3,78,0,0,windowed_beta,0.13636363636363635,before,0.018595041322314047,0.1466034741918754
3,79,0,0,constant,0.5,before,0.25,0.6931471805599453
3,79,0,0,cumulative_beta,0.18181818181818182,before,0.03305785123966942,0.20067069546215124
3,79,0,0,windowed_beta,0.13636363636363635,before,0.018595041322314047,0.1466034741918754
3,80,1,0,constant,0.5,before,0.25,0.6931471805599453
3,80,1,0,cumulative_beta,0.6923076923076923,before,0.4792899408284023,1.1786549963416462
3,80,1,0,windowed_beta,0.6363636363636364,before,0.4049586776859504,1.0116009116784799
3,81,1,0,constant,0.5,before,0.25,0.6931471805599453
3,81,1,0,cumulative_beta,0.675,before,0.45562500000000006,1.1239300966523997
3,81,1,0,windowed_beta,0.6363636363636364,before,0.4049586776859504,1.0116009116784799
3,82,0,0,constant,0.5,before,0.25,0.6931471805599453
3,82,0,0,cumulative_beta,0.17777777777777778,before,0.03160493827160494,0.19574457712609536
3,82,0,0,windowed_beta,0.13636363636363635,before,0.018595041322314047,0.1466034741918754
3,83,1,0,constant,0.5,before,0.25,0.6931471805599453
3,83,1,0,cumulative_beta,0.6585365853658537,before,0.4336704342653183,1.0745147370890493
3,83,1,0,windowed_beta,0.5909090909090909,before,0.3491735537190083,0.8938178760220965
3,84,1,1,constant,0.5,before,0.25,0.6931471805599453
3,84,1,1,cumulative_beta,0.6428571428571429,before,0.12755102040816324,0.4418327522790392
3,84,1,1,windowed_beta,0.5909090909090909,before,0.16735537190082642,0.5260930958967791
3,85,1,1,constant,0.5,before,0.25,0.6931471805599453
3,85,1,1,cumulative_beta,0.6511627906976745,before,0.12168739859383447,0.4289956055183584
3,85,1,1,windowed_beta,0.5909090909090909,before,0.16735537190082642,0.5260930958967791
3,86,1,1,constant,0.5,before,0.25,0.6931471805599453
3,86,1,1,cumulative_beta,0.6590909090909091,before,0.11621900826446283,0.41689380393178715
3,86,1,1,windowed_beta,0.5909090909090909,before,0.16735537190082642,0.5260930958967791
3,87,0,1,constant,0.5,before,0.25,0.6931471805599453
3,87,0,1,cumulative_beta,0.17391304347826086,before,0.6824196597353497,1.749199854809259
3,87,0,1,windowed_beta,0.13636363636363635,before,0.7458677685950413,1.9924301646902063
3,88,0,0,constant,0.5,before,0.25,0.6931471805599453
3,88,0,0,cumulative_beta,0.19148936170212766,before,0.03666817564508827,0.21256144198367274
3,88,0,0,windowed_beta,0.18181818181818182,before,0.03305785123966942,0.20067069546215124
3,89,1,1,constant,0.5,before,0.25,0.6931471805599453
3,89,1,1,cumulative_beta,0.6666666666666666,before,0.11111111111111113,0.40546510810816444
3,89,1,1,windowed_beta,0.5909090909090909,before,0.16735537190082642,0.5260930958967791
3,90,1,1,constant,0.5,before,0.25,0.6931471805599453
3,90,1,1,cumulative_beta,0.6739130434782609,before,0.10633270321361059,0.39465419200394874
3,90,1,1,windowed_beta,0.5909090909090909,before,0.16735537190082642,0.5260930958967791
3,91,0,0,constant,0.5,before,0.25,0.6931471805599453
3,91,0,0,cumulative_beta,0.1875,before,0.03515625,0.2076393647782445
3,91,0,0,windowed_beta,0.18181818181818182,before,0.03305785123966942,0.20067069546215124
3,92,1,1,constant,0.5,before,0.25,0.6931471805599453
3,92,1,1,cumulative_beta,0.6808510638297872,before,0.10185604345857856,0.38441169891033206
3,92,1,1,windowed_beta,0.5909090909090909,before,0.16735537190082642,0.5260930958967791
3,93,0,0,constant,0.5,before,0.25,0.6931471805599453
3,93,0,0,cumulative_beta,0.1836734693877551,before,0.03373594335693461,0.2029408439966903
3,93,0,0,windowed_beta,0.18181818181818182,before,0.03305785123966942,0.20067069546215124
3,94,0,0,constant,0.5,before,0.25,0.6931471805599453
3,94,0,0,cumulative_beta,0.18,before,0.0324,0.19845093872383818
3,94,0,0,windowed_beta,0.18181818181818182,before,0.03305785123966942,0.20067069546215124
3,95,0,0,constant,0.5,before,0.25,0.6931471805599453
3,95,0,0,cumulative_beta,0.17647058823529413,before,0.031141868512110732,0.1941560144409575
3,95,0,0,windowed_beta,0.18181818181818182,before,0.03305785123966942,0.20067069546215124
3,96,0,0,constant,0.5,before,0.25,0.6931471805599453
3,96,0,0,cumulative_beta,0.17307692307692307,before,0.029955621301775145,0.19004360288786498
3,96,0,0,windowed_beta,0.18181818181818182,before,0.03305785123966942,0.20067069546215124
3,97,0,0,constant,0.5,before,0.25,0.6931471805599453
3,97,0,0,cumulative_beta,0.16981132075471697,before,0.02883588465646137,0.1861022796338606
3,97,0,0,windowed_beta,0.18181818181818182,before,0.03305785123966942,0.20067069546215124
3,98,1,1,constant,0.5,before,0.25,0.6931471805599453
3,98,1,1,cumulative_beta,0.6875,before,0.09765625,0.3746934494414107
3,98,1,1,windowed_beta,0.6363636363636364,before,0.1322314049586777,0.45198512374305727
3,99,1,1,constant,0.5,before,0.25,0.6931471805599453
3,99,1,1,cumulative_beta,0.6938775510204082,before,0.0937109537692628,0.36545977349446523
3,99,1,1,windowed_beta,0.6818181818181818,before,0.10123966942148764,0.38299225225610584
3,100,0,1,constant,0.5,after,0.25,0.6931471805599453
3,100,0,1,cumulative_beta,0.16666666666666666,after,0.6944444444444445,1.791759469228055
3,100,0,1,windowed_beta,0.18181818181818182,after,0.6694214876033057,1.7047480922384253
3,101,0,1,constant,0.5,after,0.25,0.6931471805599453
3,101,0,1,cumulative_beta,0.18181818181818182,after,0.6694214876033057,1.7047480922384253
3,101,0,1,windowed_beta,0.22727272727272727,after,0.5971074380165289,1.4816045409242156
3,102,0,1,constant,0.5,after,0.25,0.6931471805599453
3,102,0,1,cumulative_beta,0.19642857142857142,after,0.6457270408163266,1.6274564179367788
3,102,0,1,windowed_beta,0.2727272727272727,after,0.5289256198347108,1.2992829841302609
3,103,0,1,constant,0.5,after,0.25,0.6931471805599453
3,103,0,1,cumulative_beta,0.21052631578947367,after,0.6232686980609419,1.55814461804655
3,103,0,1,windowed_beta,0.2727272727272727,after,0.5289256198347108,1.2992829841302609
3,104,0,0,constant,0.5,after,0.25,0.6931471805599453
3,104,0,0,cumulative_beta,0.22413793103448276,after,0.05023781212841855,0.2537805207760996
3,104,0,0,windowed_beta,0.3181818181818182,after,0.1012396694214876,0.3829922522561057
3,105,1,0,constant,0.5,after,0.25,0.6931471805599453
3,105,1,0,cumulative_beta,0.7,after,0.48999999999999994,1.203972804325936
3,105,1,0,windowed_beta,0.7272727272727273,after,0.5289256198347108,1.2992829841302609
3,106,1,0,constant,0.5,after,0.25,0.6931471805599453
3,106,1,0,cumulative_beta,0.6862745098039216,after,0.47097270280661285,1.1592369104845446
3,106,1,0,windowed_beta,0.6818181818181818,after,0.4648760330578512,1.1451323043030024
3,107,0,1,constant,0.5,after,0.25,0.6931471805599453
3,107,0,1,cumulative_beta,0.22033898305084745,after,0.6078713013501867,1.5125880864441827
3,107,0,1,windowed_beta,0.3181818181818182,after,0.4648760330578513,1.1451323043030026
3,108,1,0,constant,0.5,after,0.25,0.6931471805599453
3,108,1,0,cumulative_beta,0.6730769230769231,after,0.4530325443786983,1.1180303745252114
3,108,1,0,windowed_beta,0.6363636363636364,after,0.4049586776859504,1.0116009116784799
3,109,0,1,constant,0.5,after,0.25,0.6931471805599453
3,109,0,1,cumulative_beta,0.23333333333333334,after,0.5877777777777777,1.455287232606842
3,109,0,1,windowed_beta,0.3181818181818182,after,0.4648760330578513,1.1451323043030026
3,110,0,0,constant,0.5,after,0.25,0.6931471805599453
3,110,0,0,cumulative_beta,0.2459016393442623,after,0.060467616232195646,0.28223246768421634
3,110,0,0,windowed_beta,0.36363636363636365,after,0.1322314049586777,0.45198512374305727
3,111,1,0,constant,0.5,after,0.25,0.6931471805599453
3,111,1,0,cumulative_beta,0.660377358490566,after,0.4360982556069775,1.079920155655957
3,111,1,0,windowed_beta,0.5909090909090909,after,0.3491735537190083,0.8938178760220965
3,112,1,0,constant,0.5,after,0.25,0.6931471805599453
3,112,1,0,cumulative_beta,0.6481481481481481,after,0.42009602194787377,1.0445450673978338
3,112,1,0,windowed_beta,0.5909090909090909,after,0.3491735537190083,0.8938178760220965
3,113,0,1,constant,0.5,after,0.25,0.6931471805599453
3,113,0,1,cumulative_beta,0.24193548387096775,after,0.5746618106139438,1.4190841839428814
3,113,0,1,windowed_beta,0.36363636363636365,after,0.4049586776859504,1.0116009116784799
3,114,1,0,constant,0.5,after,0.25,0.6931471805599453
3,114,1,0,cumulative_beta,0.6363636363636364,after,0.4049586776859504,1.0116009116784799
3,114,1,0,windowed_beta,0.5454545454545454,after,0.29752066115702475,0.78845736036427
3,115,0,1,constant,0.5,after,0.25,0.6931471805599453
3,115,0,1,cumulative_beta,0.25396825396825395,after,0.5565633660871756,1.3705460041517514
3,115,0,1,windowed_beta,0.4090909090909091,after,0.34917355371900816,0.8938178760220964
3,116,0,1,constant,0.5,after,0.25,0.6931471805599453
3,116,0,1,cumulative_beta,0.265625,after,0.539306640625,1.3256697393034558
3,116,0,1,windowed_beta,0.45454545454545453,after,0.29752066115702475,0.7884573603642702
3,117,1,0,constant,0.5,after,0.25,0.6931471805599453
3,117,1,0,cumulative_beta,0.625,after,0.390625,0.9808292530117262
3,117,1,0,windowed_beta,0.5,after,0.25,0.6931471805599453
3,118,1,0,constant,0.5,after,0.25,0.6931471805599453
3,118,1,0,cumulative_beta,0.6140350877192983,after,0.3770390889504463,0.9520088144762343
3,118,1,0,windowed_beta,0.5,after,0.25,0.6931471805599453
3,119,1,1,constant,0.5,after,0.25,0.6931471805599453
3,119,1,1,cumulative_beta,0.603448275862069,after,0.15725326991676578,0.5050949490570057
3,119,1,1,windowed_beta,0.45454545454545453,after,0.29752066115702475,0.7884573603642702
3,120,0,1,constant,0.5,after,0.25,0.6931471805599453
3,120,0,1,cumulative_beta,0.27692307692307694,after,0.5228402366863905,1.2840155119994723
3,120,0,1,windowed_beta,0.5,after,0.25,0.6931471805599453
3,121,0,1,constant,0.5,after,0.25,0.6931471805599453
3,121,0,1,cumulative_beta,0.2878787878787879,after,0.5071166207529845,1.245215762859985
3,121,0,1,windowed_beta,0.5454545454545454,after,0.20661157024793392,0.6061358035703156
3,122,0,1,constant,0.5,after,0.25,0.6931471805599453
3,122,0,1,cumulative_beta,0.29850746268656714,after,0.492091779906438,1.208960345836975
3,122,0,1,windowed_beta,0.5454545454545454,after,0.20661157024793392,0.6061358035703156
3,123,0,1,constant,0.5,after,0.25,0.6931471805599453
3,123,0,1,cumulative_beta,0.3088235294117647,after,0.47772491349480967,1.1749852674526837
3,123,0,1,windowed_beta,0.5909090909090909,after,0.16735537190082642,0.5260930958967791
3,124,1,0,constant,0.5,after,0.25,0.6931471805599453
3,124,1,0,cumulative_beta,0.6101694915254238,after,0.3723068083883942,0.9420432279765698
3,124,1,0,windowed_beta,0.45454545454545453,after,0.20661157024793386,0.6061358035703156
3,125,1,0,constant,0.5,after,0.25,0.6931471805599453
3,125,1,0,cumulative_beta,0.6,after,0.36,0.916290731874155
3,125,1,0,windowed_beta,0.45454545454545453,after,0.20661157024793386,0.6061358035703156
3,126,1,1,constant,0.5,after,0.25,0.6931471805599453
3,126,1,1,cumulative_beta,0.5901639344262295,after,0.16796560064498792,0.5273549257172012
3,126,1,1,windowed_beta,0.45454545454545453,after,0.29752066115702475,0.7884573603642702
3,127,0,1,constant,0.5,after,0.25,0.6931471805599453
3,127,0,1,cumulative_beta,0.3188405797101449,after,0.46397815584961144,1.1430640512389436
3,127,0,1,windowed_beta,0.6363636363636364,after,0.1322314049586777,0.45198512374305727
3,128,0,1,constant,0.5,after,0.25,0.6931471805599453
3,128,0,1,cumulative_beta,0.32857142857142857,after,0.4508163265306123,1.1130010261202092
3,128,0,1,windowed_beta,0.6818181818181818,after,0.10123966942148764,0.38299225225610584
3,129,0,0,constant,0.5,after,0.25,0.6931471805599453
3,129,0,0,cumulative_beta,0.3380281690140845,after,0.11426304304701447,0.4125322753312568
3,129,0,0,windowed_beta,0.7272727272727273,after,0.5289256198347108,1.2992829841302609
3,130,1,0,constant,0.5,after,0.25,0.6931471805599453
3,130,1,0,cumulative_beta,0.5967741935483871,after,0.35613943808532783,0.9082585601768909
3,130,1,0,windowed_beta,0.5,after,0.25,0.6931471805599453
3,131,1,0,constant,0.5,after,0.25,0.6931471805599453
3,131,1,0,cumulative_beta,0.5873015873015873,after,0.344923154446964,0.8850381883700507
3,131,1,0,windowed_beta,0.45454545454545453,after,0.20661157024793386,0.6061358035703156
3,132,0,1,constant,0.5,after,0.25,0.6931471805599453
3,132,0,1,cumulative_beta,0.3333333333333333,after,0.44444444444444453,1.0986122886681098
3,132,0,1,windowed_beta,0.7272727272727273,after,0.07438016528925619,0.3184537311185346
3,133,0,1,constant,0.5,after,0.25,0.6931471805599453
3,133,0,1,cumulative_beta,0.3424657534246575,after,0.4323512854194032,1.0715836162801904
3,133,0,1,windowed_beta,0.7727272727272727,after,0.05165289256198348,0.2578291093020998
3,134,0,1,constant,0.5,after,0.25,0.6931471805599453
3,134,0,1,cumulative_beta,0.35135135135135137,after,0.4207450693937181,1.0459685551826876
3,134,0,1,windowed_beta,0.8181818181818182,after,0.0330578512396694,0.2006706954621511
3,135,0,1,constant,0.5,after,0.25,0.6931471805599453
3,135,0,1,cumulative_beta,0.36,after,0.4096,1.0216512475319814
3,135,0,1,windowed_beta,0.8181818181818182,after,0.0330578512396694,0.2006706954621511
3,136,0,1,constant,0.5,after,0.25,0.6931471805599453
3,136,0,1,cumulative_beta,0.3684210526315789,after,0.39889196675900274,0.9985288301111273
3,136,0,1,windowed_beta,0.8181818181818182,after,0.0330578512396694,0.2006706954621511
3,137,0,1,constant,0.5,after,0.25,0.6931471805599453
3,137,0,1,cumulative_beta,0.37662337662337664,after,0.38859841457244054,0.9765095918672098
3,137,0,1,windowed_beta,0.8181818181818182,after,0.0330578512396694,0.2006706954621511
3,138,0,1,constant,0.5,after,0.25,0.6931471805599453
3,138,0,1,cumulative_beta,0.38461538461538464,after,0.37869822485207105,0.9555114450274363
3,138,0,1,windowed_beta,0.8181818181818182,after,0.0330578512396694,0.2006706954621511
3,139,1,0,constant,0.5,after,0.25,0.6931471805599453
3,139,1,0,cumulative_beta,0.578125,after,0.334228515625,0.8630462173553428
3,139,1,0,windowed_beta,0.4090909090909091,after,0.16735537190082647,0.5260930958967792
3,140,0,1,constant,0.5,after,0.25,0.6931471805599453
3,140,0,1,cumulative_beta,0.3924050632911392,after,0.3691716071142445,0.9354606479818753
3,140,0,1,windowed_beta,0.8636363636363636,after,0.018595041322314047,0.1466034741918754
3,141,0,1,constant,0.5,after,0.25,0.6931471805599453
3,141,0,1,cumulative_beta,0.4,after,0.36,0.916290731874155
3,141,0,1,windowed_beta,0.8636363636363636,after,0.018595041322314047,0.1466034741918754
3,142,0,1,constant,0.5,after,0.25,0.6931471805599453
3,142,0,1,cumulative_beta,0.4074074074074074,after,0.3511659807956104,0.8979415932059586
3,142,0,1,windowed_beta,0.8636363636363636,after,0.018595041322314047,0.1466034741918754
3,143,1,0,constant,0.5,after,0.25,0.6931471805599453
3,143,1,0,cumulative_beta,0.5692307692307692,after,0.32402366863905324,0.8421827597204331
3,143,1,0,windowed_beta,0.36363636363636365,after,0.1322314049586777,0.45198512374305727
3,144,0,1,constant,0.5,after,0.25,0.6931471805599453
3,144,0,1,cumulative_beta,0.4146341463414634,after,0.3426531826293874,0.8803587226480918
3,144,0,1,windowed_beta,0.9090909090909091,after,0.00826446280991736,0.0953101798043249
3,145,0,1,constant,0.5,after,0.25,0.6931471805599453
3,145,0,1,cumulative_beta,0.42168674698795183,after,0.33444621860937723,0.8634925463071842
3,145,0,1,windowed_beta,0.9090909090909091,after,0.00826446280991736,0.0953101798043249
3,146,0,0,constant,0.5,after,0.25,0.6931471805599453
3,146,0,0,cumulative_beta,0.42857142857142855,after,0.18367346938775508,0.5596157879354228
3,146,0,0,windowed_beta,0.9090909090909091,after,0.8264462809917354,2.3978952727983702
3,147,0,1,constant,0.5,after,0.25,0.6931471805599453
3,147,0,1,cumulative_beta,0.4235294117647059,after,0.33231833910034597,0.8591323180342064
3,147,0,1,windowed_beta,0.8636363636363636,after,0.018595041322314047,0.1466034741918754
3,148,0,1,constant,0.5,after,0.25,0.6931471805599453
3,148,0,1,cumulative_beta,0.43023255813953487,after,0.32463493780421854,0.8434293836092833
3,148,0,1,windowed_beta,0.8636363636363636,after,0.018595041322314047,0.1466034741918754
3,149,1,0,constant,0.5,after,0.25,0.6931471805599453
3,149,1,0,cumulative_beta,0.5606060606060606,after,0.31427915518824606,0.8223589120399514
3,149,1,0,windowed_beta,0.3181818181818182,after,0.1012396694214876,0.3829922522561057
3,150,0,1,constant,0.5,after,0.25,0.6931471805599453
3,150,0,1,cumulative_beta,0.4367816091954023,after,0.3172149557405205,0.8283219589281979
3,150,0,1,windowed_beta,0.8636363636363636,after,0.018595041322314047,0.1466034741918754
3,151,0,1,constant,0.5,after,0.25,0.6931471805599453
3,151,0,1,cumulative_beta,0.4431818181818182,after,0.31004648760330583,0.81377516834856
3,151,0,1,windowed_beta,0.8636363636363636,after,0.018595041322314047,0.1466034741918754
3,152,0,1,constant,0.5,after,0.25,0.6931471805599453
3,152,0,1,cumulative_beta,0.449438202247191,after,0.303118293144805,0.7997569156182036
3,152,0,1,windowed_beta,0.8636363636363636,after,0.018595041322314047,0.1466034741918754
3,153,1,0,constant,0.5,after,0.25,0.6931471805599453
3,153,1,0,cumulative_beta,0.5522388059701493,after,0.3049676988193362,0.8034952377288108
3,153,1,0,windowed_beta,0.2727272727272727,after,0.07438016528925619,0.3184537311185346
3,154,1,0,constant,0.5,after,0.25,0.6931471805599453
3,154,1,0,cumulative_beta,0.5441176470588235,after,0.2960640138408304,0.7855205006909604
3,154,1,0,windowed_beta,0.22727272727272727,after,0.051652892561983466,0.2578291093020998
3,155,1,0,constant,0.5,after,0.25,0.6931471805599453
3,155,1,0,cumulative_beta,0.5362318840579711,after,0.2875446334803613,0.7683706017975329
3,155,1,0,windowed_beta,0.18181818181818182,after,0.03305785123966942,0.20067069546215124
3,156,1,0,constant,0.5,after,0.25,0.6931471805599453
3,156,1,0,cumulative_beta,0.5285714285714286,after,0.27938775510204084,0.7519876805828788
3,156,1,0,windowed_beta,0.13636363636363635,after,0.018595041322314047,0.1466034741918754
3,157,1,0,constant,0.5,after,0.25,0.6931471805599453
3,157,1,0,cumulative_beta,0.5211267605633803,after,0.27157310057528267,0.736319352425154
3,157,1,0,windowed_beta,0.13636363636363635,after,0.018595041322314047,0.1466034741918754
3,158,1,0,constant,0.5,after,0.25,0.6931471805599453
3,158,1,0,cumulative_beta,0.5138888888888888,after,0.26408179012345673,0.7213180575266416
3,158,1,0,windowed_beta,0.13636363636363635,after,0.018595041322314047,0.1466034741918754
3,159,1,0,constant,0.5,after,0.25,0.6931471805599453
3,159,1,0,cumulative_beta,0.5068493150684932,after,0.25689622818540064,0.7069405026922811
3,159,1,0,windowed_beta,0.13636363636363635,after,0.018595041322314047,0.1466034741918754
3,160,0,0,constant,0.5,after,0.25,0.6931471805599453
3,160,0,0,cumulative_beta,0.45555555555555555,after,0.20753086419753086,0.6079893722196383
3,160,0,0,windowed_beta,0.8636363636363636,after,0.7458677685950413,1.9924301646902063
3,161,1,0,constant,0.5,after,0.25,0.6931471805599453
3,161,1,0,cumulative_beta,0.5,after,0.25,0.6931471805599453
3,161,1,0,windowed_beta,0.13636363636363635,after,0.018595041322314047,0.1466034741918754
3,162,1,0,constant,0.5,after,0.25,0.6931471805599453
3,162,1,0,cumulative_beta,0.49333333333333335,after,0.2433777777777778,0.6799019538099248
3,162,1,0,windowed_beta,0.13636363636363635,after,0.018595041322314047,0.1466034741918754
3,163,0,1,constant,0.5,after,0.25,0.6931471805599453
3,163,0,1,cumulative_beta,0.45054945054945056,after,0.30189590629151075,0.7972874398125422
3,163,0,1,windowed_beta,0.8181818181818182,after,0.0330578512396694,0.2006706954621511
3,164,0,1,constant,0.5,after,0.25,0.6931471805599453
3,164,0,1,cumulative_beta,0.45652173913043476,after,0.2953686200378072,0.7841189587656721
3,164,0,1,windowed_beta,0.8636363636363636,after,0.018595041322314047,0.1466034741918754
3,165,0,1,constant,0.5,after,0.25,0.6931471805599453
3,165,0,1,cumulative_beta,0.46236559139784944,after,0.28905075731298413,0.7713993774596936
3,165,0,1,windowed_beta,0.8636363636363636,after,0.018595041322314047,0.1466034741918754
3,166,1,0,constant,0.5,after,0.25,0.6931471805599453
3,166,1,0,cumulative_beta,0.4868421052631579,after,0.23701523545706374,0.6671716941566848
3,166,1,0,windowed_beta,0.13636363636363635,after,0.018595041322314047,0.1466034741918754
3,167,1,0,constant,0.5,after,0.25,0.6931471805599453
3,167,1,0,cumulative_beta,0.4805194805194805,after,0.2308989711587114,0.6549259677397476
3,167,1,0,windowed_beta,0.13636363636363635,after,0.018595041322314047,0.1466034741918754
3,168,0,1,constant,0.5,after,0.25,0.6931471805599453
3,168,0,1,cumulative_beta,0.46808510638297873,after,0.282933454051607,0.7591051483517427
3,168,0,1,windowed_beta,0.8636363636363636,after,0.018595041322314047,0.1466034741918754
3,169,0,1,constant,0.5,after,0.25,0.6931471805599453
3,169,0,1,cumulative_beta,0.47368421052631576,after,0.27700831024930755,0.7472144018302211
3,169,0,1,windowed_beta,0.8636363636363636,after,0.018595041322314047,0.1466034741918754
3,170,1,0,constant,0.5,after,0.25,0.6931471805599453
3,170,1,0,cumulative_beta,0.47435897435897434,after,0.22501643655489809,0.6431367599852839
3,170,1,0,windowed_beta,0.13636363636363635,after,0.018595041322314047,0.1466034741918754
3,171,1,0,constant,0.5,after,0.25,0.6931471805599453
3,171,1,0,cumulative_beta,0.46835443037974683,after,0.21935587245633711,0.6317782341836533
3,171,1,0,windowed_beta,0.09090909090909091,after,0.008264462809917356,0.0953101798043249
3,172,0,0,constant,0.5,after,0.25,0.6931471805599453
3,172,0,0,cumulative_beta,0.4791666666666667,after,0.22960069444444448,0.6523251860396904
3,172,0,0,windowed_beta,0.8636363636363636,after,0.7458677685950413,1.9924301646902063
3,173,1,0,constant,0.5,after,0.25,0.6931471805599453
3,173,1,0,cumulative_beta,0.4625,after,0.21390625000000002,0.6208265189803193
3,173,1,0,windowed_beta,0.09090909090909091,after,0.008264462809917356,0.0953101798043249
3,174,0,1,constant,0.5,after,0.25,0.6931471805599453
3,174,0,1,cumulative_beta,0.4742268041237113,after,0.27643745350196625,0.7460695820142879
3,174,0,1,windowed_beta,0.8181818181818182,after,0.0330578512396694,0.2006706954621511
3,175,1,0,constant,0.5,after,0.25,0.6931471805599453
3,175,1,0,cumulative_beta,0.4567901234567901,after,0.20865721688766953,0.6102595207541777
3,175,1,0,windowed_beta,0.09090909090909091,after,0.008264462809917356,0.0953101798043249
3,176,1,0,constant,0.5,after,0.25,0.6931471805599453
3,176,1,0,cumulative_beta,0.45121951219512196,after,0.20359904818560381,0.6000567574939333
3,176,1,0,windowed_beta,0.045454545454545456,after,0.002066115702479339,0.04652001563489282
3,177,1,0,constant,0.5,after,0.25,0.6931471805599453
3,177,1,0,cumulative_beta,0.4457831325301205,after,0.19872260124836696,0.5901992113075029
3,177,1,0,windowed_beta,0.045454545454545456,after,0.002066115702479339,0.04652001563489282
3,178,1,0,constant,0.5,after,0.25,0.6931471805599453
3,178,1,0,cumulative_beta,0.44047619047619047,after,0.19401927437641722,0.580669197133255
3,178,1,0,windowed_beta,0.045454545454545456,after,0.002066115702479339,0.04652001563489282
3,179,1,0,constant,0.5,after,0.25,0.6931471805599453
3,179,1,0,cumulative_beta,0.43529411764705883,after,0.18948096885813148,0.5714502455824255
3,179,1,0,windowed_beta,0.045454545454545456,after,0.002066115702479339,0.04652001563489282
3,180,1,0,constant,0.5,after,0.25,0.6931471805599453
3,180,1,0,cumulative_beta,0.43023255813953487,after,0.18510005408328825,0.5625269981428811
3,180,1,0,windowed_beta,0.045454545454545456,after,0.002066115702479339,0.04652001563489282
3,181,1,0,constant,0.5,after,0.25,0.6931471805599453
3,181,1,0,cumulative_beta,0.42528735632183906,after,0.1808693354472189,0.5538851132264377
3,181,1,0,windowed_beta,0.045454545454545456,after,0.002066115702479339,0.04652001563489282
3,182,0,0,constant,0.5,after,0.25,0.6931471805599453
3,182,0,0,cumulative_beta,0.47959183673469385,after,0.23000832986255726,0.6531418459462461
3,182,0,0,windowed_beta,0.8181818181818182,after,0.6694214876033059,1.7047480922384255
3,183,0,1,constant,0.5,after,0.25,0.6931471805599453
3,183,0,1,cumulative_beta,0.47474747474747475,after,0.27589021528415475,0.7449722484245314
3,183,0,1,windowed_beta,0.7727272727272727,after,0.05165289256198348,0.2578291093020998
3,184,0,1,constant,0.5,after,0.25,0.6931471805599453
3,184,0,1,cumulative_beta,0.48,after,0.27040000000000003,0.7339691750802004
3,184,0,1,windowed_beta,0.7727272727272727,after,0.05165289256198348,0.2578291093020998
3,185,1,0,constant,0.5,after,0.25,0.6931471805599453
3,185,1,0,cumulative_beta,0.42045454545454547,after,0.17678202479338845,0.5455111817538806
3,185,1,0,windowed_beta,0.045454545454545456,after,0.002066115702479339,0.04652001563489282
3,186,1,0,constant,0.5,after,0.25,0.6931471805599453
3,186,1,0,cumulative_beta,0.4157303370786517,after,0.17283171316752938,0.5373926511507126
3,186,1,0,windowed_beta,0.045454545454545456,after,0.002066115702479339,0.04652001563489282
3,187,0,0,constant,0.5,after,0.25,0.6931471805599453
3,187,0,0,cumulative_beta,0.48514851485148514,after,0.2353690814626017,0.663876798259832
3,187,0,0,windowed_beta,0.7727272727272727,after,0.5971074380165289,1.4816045409242153
3,188,1,0,constant,0.5,after,0.25,0.6931471805599453
3,188,1,0,cumulative_beta,0.4111111111111111,after,0.16901234567901233,0.5295177567781432
3,188,1,0,windowed_beta,0.045454545454545456,after,0.002066115702479339,0.04652001563489282
3,189,1,0,constant,0.5,after,0.25,0.6931471805599453
3,189,1,0,cumulative_beta,0.4065934065934066,after,0.16531819828523125,0.5218754599525757
3,189,1,0,windowed_beta,0.045454545454545456,after,0.002066115702479339,0.04652001563489282
3,190,0,0,constant,0.5,after,0.25,0.6931471805599453
3,190,0,0,cumulative_beta,0.4803921568627451,after,0.2307766243752403,0.6546808997321494
3,190,0,0,windowed_beta,0.7272727272727273,after,0.5289256198347108,1.2992829841302609
3,191,1,0,constant,0.5,after,0.25,0.6931471805599453
3,191,1,0,cumulative_beta,0.40217391304347827,after,0.16174385633270322,0.5144553918165694
3,191,1,0,windowed_beta,0.045454545454545456,after,0.002066115702479339,0.04652001563489282
3,192,1,0,constant,0.5,after,0.25,0.6931471805599453
3,192,1,0,cumulative_beta,0.3978494623655914,after,0.1582841947045901,0.5072478024181066
3,192,1,0,windowed_beta,0.045454545454545456,after,0.002066115702479339,0.04652001563489282
3,193,0,0,constant,0.5,after,0.25,0.6931471805599453
3,193,0,0,cumulative_beta,0.47572815533980584,after,0.22631727778301444,0.6457449416653614
3,193,0,0,windowed_beta,0.6818181818181818,after,0.4648760330578512,1.1451323043030024
3,194,0,1,constant,0.5,after,0.25,0.6931471805599453
3,194,0,1,cumulative_beta,0.47115384615384615,after,0.2796782544378698,0.752570601030746
3,194,0,1,windowed_beta,0.6363636363636364,after,0.1322314049586777,0.45198512374305727
3,195,1,0,constant,0.5,after,0.25,0.6931471805599453
3,195,1,0,cumulative_beta,0.39361702127659576,after,0.15493435943866005,0.5002435144354537
3,195,1,0,windowed_beta,0.045454545454545456,after,0.002066115702479339,0.04652001563489282
3,196,1,0,constant,0.5,after,0.25,0.6931471805599453
3,196,1,0,cumulative_beta,0.3894736842105263,after,0.15168975069252078,0.4934338810541215
3,196,1,0,windowed_beta,0.045454545454545456,after,0.002066115702479339,0.04652001563489282
3,197,1,0,constant,0.5,after,0.25,0.6931471805599453
3,197,1,0,cumulative_beta,0.3854166666666667,after,0.14854600694444445,0.4868107475621169
3,197,1,0,windowed_beta,0.045454545454545456,after,0.002066115702479339,0.04652001563489282
3,198,0,1,constant,0.5,after,0.25,0.6931471805599453
3,198,0,1,cumulative_beta,0.47619047619047616,after,0.2743764172335601,0.7419373447293773
3,198,0,1,windowed_beta,0.6818181818181818,after,0.10123966942148764,0.38299225225610584
3,199,0,1,constant,0.5,after,0.25,0.6931471805599453
3,199,0,1,cumulative_beta,0.4811320754716981,after,0.2692239231043076,0.7316134613877414
3,199,0,1,windowed_beta,0.6818181818181818,after,0.10123966942148764,0.38299225225610584
4,0,1,1,constant,0.5,before,0.25,0.6931471805599453
4,0,1,1,cumulative_beta,0.5,before,0.25,0.6931471805599453
4,0,1,1,windowed_beta,0.5,before,0.25,0.6931471805599453
4,1,0,1,constant,0.5,before,0.25,0.6931471805599453
4,1,0,1,cumulative_beta,0.5,before,0.25,0.6931471805599453
4,1,0,1,windowed_beta,0.5,before,0.25,0.6931471805599453
4,2,1,1,constant,0.5,before,0.25,0.6931471805599453
4,2,1,1,cumulative_beta,0.6666666666666666,before,0.11111111111111113,0.40546510810816444
4,2,1,1,windowed_beta,0.6666666666666666,before,0.11111111111111113,0.40546510810816444
4,3,0,0,constant,0.5,before,0.25,0.6931471805599453
4,3,0,0,cumulative_beta,0.6666666666666666,before,0.4444444444444444,1.0986122886681096
4,3,0,0,windowed_beta,0.6666666666666666,before,0.4444444444444444,1.0986122886681096
4,4,1,1,constant,0.5,before,0.25,0.6931471805599453
4,4,1,1,cumulative_beta,0.75,before,0.0625,0.2876820724517809
4,4,1,1,windowed_beta,0.75,before,0.0625,0.2876820724517809
4,5,1,1,constant,0.5,before,0.25,0.6931471805599453
4,5,1,1,cumulative_beta,0.8,before,0.03999999999999998,0.2231435513142097
4,5,1,1,windowed_beta,0.8,before,0.03999999999999998,0.2231435513142097
4,6,0,0,constant,0.5,before,0.25,0.6931471805599453
4,6,0,0,cumulative_beta,0.5,before,0.25,0.6931471805599453
4,6,0,0,windowed_beta,0.5,before,0.25,0.6931471805599453
4,7,1,0,constant,0.5,before,0.25,0.6931471805599453
4,7,1,0,cumulative_beta,0.8333333333333334,before,0.6944444444444445,1.7917594692280552
4,7,1,0,windowed_beta,0.8333333333333334,before,0.6944444444444445,1.7917594692280552
4,8,1,1,constant,0.5,before,0.25,0.6931471805599453
4,8,1,1,cumulative_beta,0.7142857142857143,before,0.08163265306122448,0.3364722366212129
4,8,1,1,windowed_beta,0.7142857142857143,before,0.08163265306122448,0.3364722366212129
4,9,0,0,constant,0.5,before,0.25,0.6931471805599453
4,9,0,0,cumulative_beta,0.4,before,0.16000000000000003,0.5108256237659907
4,9,0,0,windowed_beta,0.4,before,0.16000000000000003,0.5108256237659907
4,10,1,1,constant,0.5,before,0.25,0.6931471805599453
4,10,1,1,cumulative_beta,0.75,before,0.0625,0.2876820724517809
4,10,1,1,windowed_beta,0.75,before,0.0625,0.2876820724517809
4,11,1,1,constant,0.5,before,0.25,0.6931471805599453
4,11,1,1,cumulative_beta,0.7777777777777778,before,0.04938271604938271,0.25131442828090605
4,11,1,1,windowed_beta,0.7777777777777778,before,0.04938271604938271,0.25131442828090605
4,12,0,0,constant,0.5,before,0.25,0.6931471805599453
4,12,0,0,cumulative_beta,0.3333333333333333,before,0.1111111111111111,0.4054651081081643
4,12,0,0,windowed_beta,0.3333333333333333,before,0.1111111111111111,0.4054651081081643
4,13,0,1,constant,0.5,before,0.25,0.6931471805599453
4,13,0,1,cumulative_beta,0.2857142857142857,before,0.5102040816326531,1.252762968495368
4,13,0,1,windowed_beta,0.2857142857142857,before,0.5102040816326531,1.252762968495368
4,14,0,0,constant,0.5,before,0.25,0.6931471805599453
4,14,0,0,cumulative_beta,0.375,before,0.140625,0.4700036292457356
4,14,0,0,windowed_beta,0.375,before,0.140625,0.4700036292457356
4,15,0,0,constant,0.5,before,0.25,0.6931471805599453
4,15,0,0,cumulative_beta,0.3333333333333333,before,0.1111111111111111,0.4054651081081643
4,15,0,0,windowed_beta,0.3333333333333333,before,0.1111111111111111,0.4054651081081643
4,16,1,0,constant,0.5,before,0.25,0.6931471805599453
4,16,1,0,cumulative_beta,0.8,before,0.6400000000000001,1.6094379124341005
4,16,1,0,windowed_beta,0.8,before,0.6400000000000001,1.6094379124341005
4,17,1,0,constant,0.5,before,0.25,0.6931471805599453
4,17,1,0,cumulative_beta,0.7272727272727273,before,0.5289256198347108,1.2992829841302609
4,17,1,0,windowed_beta,0.7272727272727273,before,0.5289256198347108,1.2992829841302609
4,18,0,0,constant,0.5,before,0.25,0.6931471805599453
4,18,0,0,cumulative_beta,0.3,before,0.09,0.35667494393873245
4,18,0,0,windowed_beta,0.3,before,0.09,0.35667494393873245
4,19,1,1,constant,0.5,before,0.25,0.6931471805599453
4,19,1,1,cumulative_beta,0.6666666666666666,before,0.11111111111111113,0.40546510810816444
4,19,1,1,windowed_beta,0.6666666666666666,before,0.11111111111111113,0.40546510810816444
4,20,1,1,constant,0.5,before,0.25,0.6931471805599453
4,20,1,1,cumulative_beta,0.6923076923076923,before,0.09467455621301776,0.3677247801253174
4,20,1,1,windowed_beta,0.6923076923076923,before,0.09467455621301776,0.3677247801253174
4,21,0,0,constant,0.5,before,0.25,0.6931471805599453
4,21,0,0,cumulative_beta,0.2727272727272727,before,0.07438016528925619,0.3184537311185346
4,21,0,0,windowed_beta,0.2727272727272727,before,0.07438016528925619,0.3184537311185346
4,22,1,1,constant,0.5,before,0.25,0.6931471805599453
4,22,1,1,cumulative_beta,0.7142857142857143,before,0.08163265306122448,0.3364722366212129
4,22,1,1,windowed_beta,0.7142857142857143,before,0.08163265306122448,0.3364722366212129
4,23,0,0,constant,0.5,before,0.25,0.6931471805599453
4,23,0,0,cumulative_beta,0.25,before,0.0625,0.2876820724517809
4,23,0,0,windowed_beta,0.25,before,0.0625,0.2876820724517809
4,24,0,0,constant,0.5,before,0.25,0.6931471805599453
4,24,0,0,cumulative_beta,0.23076923076923078,before,0.053254437869822494,0.2623642644674911
4,24,0,0,windowed_beta,0.23076923076923078,before,0.053254437869822494,0.2623642644674911
4,25,1,1,constant,0.5,before,0.25,0.6931471805599453
4,25,1,1,cumulative_beta,0.7333333333333333,before,0.07111111111111114,0.3101549283038396
4,25,1,1,windowed_beta,0.7333333333333333,before,0.07111111111111114,0.3101549283038396
4,26,1,1,constant,0.5,before,0.25,0.6931471805599453
4,26,1,1,cumulative_beta,0.75,before,0.0625,0.2876820724517809
4,26,1,1,windowed_beta,0.75,before,0.0625,0.2876820724517809
4,27,1,1,constant,0.5,before,0.25,0.6931471805599453
4,27,1,1,cumulative_beta,0.7647058823529411,before,0.05536332179930798,0.2682639865946794
4,27,1,1,windowed_beta,0.7647058823529411,before,0.05536332179930798,0.2682639865946794
4,28,1,1,constant,0.5,before,0.25,0.6931471805599453
4,28,1,1,cumulative_beta,0.7777777777777778,before,0.04938271604938271,0.25131442828090605
4,28,1,1,windowed_beta,0.7777777777777778,before,0.04938271604938271,0.25131442828090605
4,29,0,0,constant,0.5,before,0.25,0.6931471805599453
4,29,0,0,cumulative_beta,0.21428571428571427,before,0.04591836734693877,0.2411620568168881
4,29,0,0,windowed_beta,0.21428571428571427,before,0.04591836734693877,0.2411620568168881
4,30,0,0,constant,0.5,before,0.25,0.6931471805599453
4,30,0,0,cumulative_beta,0.2,before,0.04000000000000001,0.2231435513142097
4,30,0,0,windowed_beta,0.2,before,0.04000000000000001,0.2231435513142097
4,31,0,1,constant,0.5,before,0.25,0.6931471805599453
4,31,0,1,cumulative_beta,0.1875,before,0.66015625,1.6739764335716716
4,31,0,1,windowed_beta,0.1875,before,0.66015625,1.6739764335716716
4,32,1,0,constant,0.5,before,0.25,0.6931471805599453
4,32,1,0,cumulative_beta,0.7894736842105263,before,0.6232686980609419,1.55814461804655
4,32,1,0,windowed_beta,0.7894736842105263,before,0.6232686980609419,1.55814461804655
4,33,1,0,constant,0.5,before,0.25,0.6931471805599453
4,33,1,0,cumulative_beta,0.75,before,0.5625,1.3862943611198906
4,33,1,0,windowed_beta,0.75,before,0.5625,1.3862943611198906
4,34,1,1,constant,0.5,before,0.25,0.6931471805599453
4,34,1,1,cumulative_beta,0.7142857142857143,before,0.08163265306122448,0.3364722366212129
4,34,1,1,windowed_beta,0.7142857142857143,before,0.08163265306122448,0.3364722366212129
4,35,0,0,constant,0.5,before,0.25,0.6931471805599453
4,35,0,0,cumulative_beta,0.23529411764705882,before,0.05536332179930796,0.2682639865946794
4,35,0,0,windowed_beta,0.23529411764705882,before,0.05536332179930796,0.2682639865946794
4,36,0,0,constant,0.5,before,0.25,0.6931471805599453
4,36,0,0,cumulative_beta,0.2222222222222222,before,0.04938271604938271,0.25131442828090605
4,36,0,0,windowed_beta,0.2222222222222222,before,0.04938271604938271,0.25131442828090605
4,37,0,0,constant,0.5,before,0.25,0.6931471805599453
4,37,0,0,cumulative_beta,0.21052631578947367,before,0.04432132963988919,0.2363887780642304
4,37,0,0,windowed_beta,0.21052631578947367,before,0.04432132963988919,0.2363887780642304
4,38,0,0,constant,0.5,before,0.25,0.6931471805599453
4,38,0,0,cumulative_beta,0.2,before,0.04000000000000001,0.2231435513142097
4,38,0,0,windowed_beta,0.2,before,0.04000000000000001,0.2231435513142097
4,39,0,0,constant,0.5,before,0.25,0.6931471805599453
4,39,0,0,cumulative_beta,0.19047619047619047,before,0.03628117913832199,0.2113090936672069
4,39,0,0,windowed_beta,0.19047619047619047,before,0.03628117913832199,0.2113090936672069
4,40,1,1,constant,0.5,before,0.25,0.6931471805599453
4,40,1,1,cumulative_beta,0.7272727272727273,before,0.07438016528925619,0.3184537311185346
4,40,1,1,windowed_beta,0.7272727272727273,before,0.07438016528925619,0.3184537311185346
4,41,1,1,constant,0.5,before,0.25,0.6931471805599453
4,41,1,1,cumulative_beta,0.7391304347826086,before,0.0680529300567108,0.3022808718729337
4,41,1,1,windowed_beta,0.7272727272727273,before,0.07438016528925619,0.3184537311185346
4,42,1,1,constant,0.5,before,0.25,0.6931471805599453
4,42,1,1,cumulative_beta,0.75,before,0.0625,0.2876820724517809
4,42,1,1,windowed_beta,0.7272727272727273,before,0.07438016528925619,0.3184537311185346
4,43,1,1,constant,0.5,before,0.25,0.6931471805599453
4,43,1,1,cumulative_beta,0.76,before,0.0576,0.2744368457017603
4,43,1,1,windowed_beta,0.7272727272727273,before,0.07438016528925619,0.3184537311185346
4,44,1,1,constant,0.5,before,0.25,0.6931471805599453
4,44,1,1,cumulative_beta,0.7692307692307693,before,0.053254437869822466,0.262364264467491
4,44,1,1,windowed_beta,0.7272727272727273,before,0.07438016528925619,0.3184537311185346
4,45,0,0,constant,0.5,before,0.25,0.6931471805599453
4,45,0,0,cumulative_beta,0.18181818181818182,before,0.03305785123966942,0.20067069546215124
4,45,0,0,windowed_beta,0.18181818181818182,before,0.03305785123966942,0.20067069546215124
4,46,1,0,constant,0.5,before,0.25,0.6931471805599453
4,46,1,0,cumulative_beta,0.7777777777777778,before,0.6049382716049383,1.5040773967762742
4,46,1,0,windowed_beta,0.7727272727272727,before,0.5971074380165289,1.4816045409242153
4,47,0,1,constant,0.5,before,0.25,0.6931471805599453
4,47,0,1,cumulative_beta,0.17391304347826086,before,0.6824196597353497,1.749199854809259
4,47,0,1,windowed_beta,0.13636363636363635,before,0.7458677685950413,1.9924301646902063
4,48,1,1,constant,0.5,before,0.25,0.6931471805599453
4,48,1,1,cumulative_beta,0.75,before,0.0625,0.2876820724517809
4,48,1,1,windowed_beta,0.7272727272727273,before,0.07438016528925619,0.3184537311185346
4,49,0,0,constant,0.5,before,0.25,0.6931471805599453
4,49,0,0,cumulative_beta,0.20833333333333334,before,0.04340277777777778,0.2336148511815052
4,49,0,0,windowed_beta,0.18181818181818182,before,0.03305785123966942,0.20067069546215124
4,50,0,0,constant,0.5,before,0.25,0.6931471805599453
4,50,0,0,cumulative_beta,0.2,before,0.04000000000000001,0.2231435513142097
4,50,0,0,windowed_beta,0.18181818181818182,before,0.03305785123966942,0.20067069546215124
4,51,1,1,constant,0.5,before,0.25,0.6931471805599453
4,51,1,1,cumulative_beta,0.7586206896551724,before,0.05826397146254461,0.27625337662815824
4,51,1,1,windowed_beta,0.7272727272727273,before,0.07438016528925619,0.3184537311185346
4,52,0,0,constant,0.5,before,0.25,0.6931471805599453
4,52,0,0,cumulative_beta,0.19230769230769232,before,0.03698224852071006,0.21357410029805904
4,52,0,0,windowed_beta,0.18181818181818182,before,0.03305785123966942,0.20067069546215124
4,53,0,0,constant,0.5,before,0.25,0.6931471805599453
4,53,0,0,cumulative_beta,0.18518518518518517,before,0.034293552812071325,0.20479441264601314
4,53,0,0,windowed_beta,0.18181818181818182,before,0.03305785123966942,0.20067069546215124
4,54,0,0,constant,0.5,before,0.25,0.6931471805599453
4,54,0,0,cumulative_beta,0.17857142857142858,before,0.03188775510204082,0.19671029424605427
4,54,0,0,windowed_beta,0.13636363636363635,before,0.018595041322314047,0.1466034741918754
4,55,1,1,constant,0.5,before,0.25,0.6931471805599453
4,55,1,1,cumulative_beta,0.7666666666666667,before,0.05444444444444442,0.2657031657330056
4,55,1,1,windowed_beta,0.7272727272727273,before,0.07438016528925619,0.3184537311185346
4,56,0,0,constant,0.5,before,0.25,0.6931471805599453
4,56,0,0,cumulative_beta,0.1724137931034483,before,0.02972651605231867,0.18924199963852842
4,56,0,0,windowed_beta,0.13636363636363635,before,0.018595041322314047,0.1466034741918754
4,57,0,0,constant,0.5,before,0.25,0.6931471805599453
4,57,0,0,cumulative_beta,0.16666666666666666,before,0.027777777777777776,0.1823215567939546
4,57,0,0,windowed_beta,0.13636363636363635,before,0.018595041322314047,0.1466034741918754
4,58,0,0,constant,0.5,before,0.25,0.6931471805599453
4,58,0,0,cumulative_beta,0.16129032258064516,before,0.026014568158168574,0.17589066646366416
4,58,0,0,windowed_beta,0.13636363636363635,before,0.018595041322314047,0.1466034741918754
4,59,1,1,constant,0.5,before,0.25,0.6931471805599453
4,59,1,1,cumulative_beta,0.7741935483870968,before,0.050988553590010414,0.25593337413720063
4,59,1,1,windowed_beta,0.7727272727272727,before,0.05165289256198348,0.2578291093020998
4,60,0,0,constant,0.5,before,0.25,0.6931471805599453
4,60,0,0,cumulative_beta,0.15625,before,0.0244140625,0.16989903679539747
4,60,0,0,windowed_beta,0.13636363636363635,before,0.018595041322314047,0.1466034741918754
4,61,0,0,constant,0.5,before,0.25,0.6931471805599453
4,61,0,0,cumulative_beta,0.15151515151515152,before,0.022956841138659322,0.1643030512912763
4,61,0,0,windowed_beta,0.13636363636363635,before,0.018595041322314047,0.1466034741918754
4,62,0,0,constant,0.5,before,0.25,0.6931471805599453
4,62,0,0,cumulative_beta,0.14705882352941177,before,0.021626297577854673,0.1590646946296874
4,62,0,0,windowed_beta,0.13636363636363635,before,0.018595041322314047,0.1466034741918754
4,63,0,0,constant,0.5,before,0.25,0.6931471805599453
4,63,0,0,cumulative_beta,0.14285714285714285,before,0.02040816326530612,0.15415067982725822
4,63,0,0,windowed_beta,0.13636363636363635,before,0.018595041322314047,0.1466034741918754
4,64,1,0,constant,0.5,before,0.25,0.6931471805599453
4,64,1,0,cumulative_beta,0.78125,before,0.6103515625,1.5198257537444133
4,64,1,0,windowed_beta,0.8181818181818182,before,0.6694214876033059,1.7047480922384255
4,65,1,1,constant,0.5,before,0.25,0.6931471805599453
4,65,1,1,cumulative_beta,0.7575757575757576,before,0.05876951331496787,0.2776317365982795
4,65,1,1,windowed_beta,0.7727272727272727,before,0.05165289256198348,0.2578291093020998
4,66,0,1,constant,0.5,before,0.25,0.6931471805599453
4,66,0,1,cumulative_beta,0.1388888888888889,before,0.7415123456790125,1.9740810260220096
4,66,0,1,windowed_beta,0.13636363636363635,before,0.7458677685950413,1.9924301646902063
4,67,1,1,constant,0.5,before,0.25,0.6931471805599453
4,67,1,1,cumulative_beta,0.7647058823529411,before,0.05536332179930798,0.2682639865946794
4,67,1,1,windowed_beta,0.7727272727272727,before,0.05165289256198348,0.2578291093020998
4,68,1,1,constant,0.5,before,0.25,0.6931471805599453
4,68,1,1,cumulative_beta,0.7714285714285715,before,0.052244897959183655,0.25951119548508456
4,68,1,1,windowed_beta,0.7727272727272727,before,0.05165289256198348,0.2578291093020998
4,69,1,1,constant,0.5,before,0.25,0.6931471805599453
4,69,1,1,cumulative_beta,0.7777777777777778,before,0.04938271604938271,0.25131442828090605
4,69,1,1,windowed_beta,0.7727272727272727,before,0.05165289256198348,0.2578291093020998
4,70,0,0,constant,0.5,before,0.25,0.6931471805599453
4,70,0,0,cumulative_beta,0.16216216216216217,before,0.02629656683710738,0.17693070815907821
4,70,0,0,windowed_beta,0.13636363636363635,before,0.018595041322314047,0.1466034741918754
4,71,0,0,constant,0.5,before,0.25,0.6931471805599453
4,71,0,0,cumulative_beta,0.15789473684210525,before,0.02493074792243767,0.17185025692665928
4,71,0,0,windowed_beta,0.13636363636363635,before,0.018595041322314047,0.1466034741918754
4,72,1,1,constant,0.5,before,0.25,0.6931471805599453
4,72,1,1,cumulative_beta,0.7837837837837838,before,0.04674945215485757,0.24362208265775043
4,72,1,1,windowed_beta,0.7727272727272727,before,0.05165289256198348,0.2578291093020998
4,73,1,1,constant,0.5,before,0.25,0.6931471805599453
4,73,1,1,cumulative_beta,0.7894736842105263,before,0.04432132963988919,0.2363887780642304
4,73,1,1,windowed_beta,0.7727272727272727,before,0.05165289256198348,0.2578291093020998
4,74,0,1,constant,0.5,before,0.25,0.6931471805599453
4,74,0,1,cumulative_beta,0.15384615384615385,before,0.7159763313609467,1.8718021769015913
4,74,0,1,windowed_beta,0.13636363636363635,before,0.7458677685950413,1.9924301646902063
4,75,0,0,constant,0.5,before,0.25,0.6931471805599453
4,75,0,0,cumulative_beta,0.175,before,0.030624999999999996,0.19237189264745613
4,75,0,0,windowed_beta,0.18181818181818182,before,0.03305785123966942,0.20067069546215124
4,76,1,0,constant,0.5,before,0.25,0.6931471805599453
4,76,1,0,cumulative_beta,0.7948717948717948,before,0.6318211702827087,1.5841201044498103
4,76,1,0,windowed_beta,0.7727272727272727,before,0.5971074380165289,1.4816045409242153
4,77,1,0,constant,0.5,before,0.25,0.6931471805599453
4,77,1,0,cumulative_beta,0.775,before,0.6006250000000001,1.491654876777717
4,77,1,0,windowed_beta,0.7727272727272727,before,0.5971074380165289,1.4816045409242153
4,78,0,0,constant,0.5,before,0.25,0.6931471805599453
4,78,0,0,cumulative_beta,0.17073170731707318,before,0.029149315883402742,0.18721154208814647
4,78,0,0,windowed_beta,0.18181818181818182,before,0.03305785123966942,0.20067069546215124
4,79,1,0,constant,0.5,before,0.25,0.6931471805599453
4,79,1,0,cumulative_beta,0.7560975609756098,before,0.571683521713266,1.410986973710262
4,79,1,0,windowed_beta,0.7727272727272727,before,0.5971074380165289,1.4816045409242153
4,80,1,1,constant,0.5,before,0.25,0.6931471805599453
4,80,1,1,cumulative_beta,0.7380952380952381,before,0.06859410430839,0.30368241379822203
4,80,1,1,windowed_beta,0.7272727272727273,before,0.07438016528925619,0.3184537311185346
4,81,1,1,constant,0.5,before,0.25,0.6931471805599453
4,81,1,1,cumulative_beta,0.7441860465116279,before,0.06544077879935101,0.2954642128938359
4,81,1,1,windowed_beta,0.7272727272727273,before,0.07438016528925619,0.3184537311185346
4,82,1,0,constant,0.5,before,0.25,0.6931471805599453
4,82,1,0,cumulative_beta,0.75,before,0.5625,1.3862943611198906
4,82,1,0,windowed_beta,0.7272727272727273,before,0.5289256198347108,1.2992829841302609
4,83,1,1,constant,0.5,before,0.25,0.6931471805599453
4,83,1,1,cumulative_beta,0.7333333333333333,before,0.07111111111111114,0.3101549283038396
4,83,1,1,windowed_beta,0.6818181818181818,before,0.10123966942148764,0.38299225225610584
4,84,0,0,constant,0.5,before,0.25,0.6931471805599453
4,84,0,0,cumulative_beta,0.16666666666666666,before,0.027777777777777776,0.1823215567939546
4,84,0,0,windowed_beta,0.18181818181818182,before,0.03305785123966942,0.20067069546215124
4,85,1,0,constant,0.5,before,0.25,0.6931471805599453
4,85,1,0,cumulative_beta,0.7391304347826086,before,0.546313799621928,1.3437347467010945
4,85,1,0,windowed_beta,0.6818181818181818,before,0.4648760330578512,1.1451323043030024
4,86,1,1,constant,0.5,before,0.25,0.6931471805599453
4,86,1,1,cumulative_beta,0.723404255319149,before,0.07650520597555452,0.32378707709389715
4,86,1,1,windowed_beta,0.6363636363636364,before,0.1322314049586777,0.45198512374305727
4,87,0,0,constant,0.5,before,0.25,0.6931471805599453
4,87,0,0,cumulative_beta,0.16279069767441862,before,0.026500811249323963,0.1776811772374525
4,87,0,0,windowed_beta,0.18181818181818182,before,0.03305785123966942,0.20067069546215124
4,88,0,0,constant,0.5,before,0.25,0.6931471805599453
4,88,0,0,cumulative_beta,0.1590909090909091,before,0.0253099173553719,0.17327172127403667
4,88,0,0,windowed_beta,0.13636363636363635,before,0.018595041322314047,0.1466034741918754
4,89,0,0,constant,0.5,before,0.25,0.6931471805599453
4,89,0,0,cumulative_beta,0.15555555555555556,before,0.02419753086419753,0.169076330043934
4,89,0,0,windowed_beta,0.13636363636363635,before,0.018595041322314047,0.1466034741918754
4,90,1,1,constant,0.5,before,0.25,0.6931471805599453
4,90,1,1,cumulative_beta,0.7291666666666666,before,0.07335069444444446,0.3158529494184773
4,90,1,1,windowed_beta,0.6818181818181818,before,0.10123966942148764,0.38299225225610584
4,91,0,1,constant,0.5,before,0.25,0.6931471805599453
4,91,0,1,cumulative_beta,0.15217391304347827,before,0.7188090737240076,1.8827312474337816
4,91,0,1,windowed_beta,0.13636363636363635,before,0.7458677685950413,1.9924301646902063
4,92,0,0,constant,0.5,before,0.25,0.6931471805599453
4,92,0,0,cumulative_beta,0.1702127659574468,before,0.028972385694884563,0.1865859555804122
4,92,0,0,windowed_beta,0.18181818181818182,before,0.03305785123966942,0.20067069546215124
4,93,1,0,constant,0.5,before,0.25,0.6931471805599453
4,93,1,0,cumulative_beta,0.7346938775510204,before,0.5397750937109538,1.32687094064909
4,93,1,0,windowed_beta,0.6818181818181818,before,0.4648760330578512,1.1451323043030024
4,94,1,1,constant,0.5,before,0.25,0.6931471805599453
4,94,1,1,cumulative_beta,0.72,before,0.07840000000000001,0.3285040669720361
4,94,1,1,windowed_beta,0.6363636363636364,before,0.1322314049586777,0.45198512374305727
4,95,1,1,constant,0.5,before,0.25,0.6931471805599453
4,95,1,1,cumulative_beta,0.7254901960784313,before,0.07535563244905807,0.3209077200801014
4,95,1,1,windowed_beta,0.6363636363636364,before,0.1322314049586777,0.45198512374305727
4,96,1,1,constant,0.5,before,0.25,0.6931471805599453
4,96,1,1,cumulative_beta,0.7307692307692307,before,0.07248520710059174,0.31365755885504165
4,96,1,1,windowed_beta,0.6363636363636364,before,0.1322314049586777,0.45198512374305727
4,97,0,0,constant,0.5,before,0.25,0.6931471805599453
4,97,0,0,cumulative_beta,0.16666666666666666,before,0.027777777777777776,0.1823215567939546
4,97,0,0,windowed_beta,0.18181818181818182,before,0.03305785123966942,0.20067069546215124
4,98,1,1,constant,0.5,before,0.25,0.6931471805599453
4,98,1,1,cumulative_beta,0.7358490566037735,before,0.06977572089711644,0.3067302674224755
4,98,1,1,windowed_beta,0.6818181818181818,before,0.10123966942148764,0.38299225225610584
4,99,0,0,constant,0.5,before,0.25,0.6931471805599453
4,99,0,0,cumulative_beta,0.16326530612244897,before,0.02665556018325697,0.17824823140631876
4,99,0,0,windowed_beta,0.18181818181818182,before,0.03305785123966942,0.20067069546215124
4,100,0,1,constant,0.5,after,0.25,0.6931471805599453
4,100,0,1,cumulative_beta,0.16,after,0.7055999999999999,1.8325814637483102
4,100,0,1,windowed_beta,0.18181818181818182,after,0.6694214876033057,1.7047480922384253
4,101,1,1,constant,0.5,after,0.25,0.6931471805599453
4,101,1,1,cumulative_beta,0.7407407407407407,after,0.06721536351165983,0.30010459245033816
4,101,1,1,windowed_beta,0.6818181818181818,after,0.10123966942148764,0.38299225225610584
4,102,0,0,constant,0.5,after,0.25,0.6931471805599453
4,102,0,0,cumulative_beta,0.17647058823529413,after,0.031141868512110732,0.1941560144409575
4,102,0,0,windowed_beta,0.22727272727272727,after,0.051652892561983466,0.2578291093020998
4,103,0,1,constant,0.5,after,0.25,0.6931471805599453
4,103,0,1,cumulative_beta,0.17307692307692307,after,0.683801775147929,1.754019141245208
4,103,0,1,windowed_beta,0.22727272727272727,after,0.5971074380165289,1.4816045409242156
4,104,0,1,constant,0.5,after,0.25,0.6931471805599453
4,104,0,1,cumulative_beta,0.18867924528301888,after,0.658241367034532,1.667706820558076
4,104,0,1,windowed_beta,0.2727272727272727,after,0.5289256198347108,1.2992829841302609
4,105,0,1,constant,0.5,after,0.25,0.6931471805599453
4,105,0,1,cumulative_beta,0.2037037037037037,after,0.6340877914951989,1.5910887737659039
4,105,0,1,windowed_beta,0.3181818181818182,after,0.4648760330578513,1.1451323043030026
4,106,0,1,constant,0.5,after,0.25,0.6931471805599453
4,106,0,1,cumulative_beta,0.21818181818181817,after,0.6112396694214877,1.5224265354444706
4,106,0,1,windowed_beta,0.36363636363636365,after,0.4049586776859504,1.0116009116784799
4,107,0,1,constant,0.5,after,0.25,0.6931471805599453
4,107,0,1,cumulative_beta,0.23214285714285715,after,0.5896045918367346,1.4604023332736125
4,107,0,1,windowed_beta,0.4090909090909091,after,0.34917355371900816,0.8938178760220964
4,108,1,0,constant,0.5,after,0.25,0.6931471805599453
4,108,1,0,cumulative_beta,0.7454545454545455,after,0.555702479338843,1.3682758556172123
4,108,1,0,windowed_beta,0.6818181818181818,after,0.4648760330578512,1.1451323043030024
4,109,1,1,constant,0.5,after,0.25,0.6931471805599453
4,109,1,1,cumulative_beta,0.7321428571428571,after,0.07174744897959186,0.3117796240308415
4,109,1,1,windowed_beta,0.6363636363636364,after,0.1322314049586777,0.45198512374305727
4,110,0,1,constant,0.5,after,0.25,0.6931471805599453
4,110,0,1,cumulative_beta,0.24561403508771928,after,0.5690981840566328,1.4039939382192916
4,110,0,1,windowed_beta,0.4090909090909091,after,0.34917355371900816,0.8938178760220964
4,111,0,1,constant,0.5,after,0.25,0.6931471805599453
4,111,0,1,cumulative_beta,0.25862068965517243,after,0.5496432818073722,1.3523928094442093
4,111,0,1,windowed_beta,0.45454545454545453,after,0.29752066115702475,0.7884573603642702
4,112,0,1,constant,0.5,after,0.25,0.6931471805599453
4,112,0,1,cumulative_beta,0.2711864406779661,after,0.5311692042516519,1.3049487216659381
4,112,0,1,windowed_beta,0.5,after,0.25,0.6931471805599453
4,113,0,0,constant,0.5,after,0.25,0.6931471805599453
4,113,0,0,cumulative_beta,0.2833333333333333,after,0.08027777777777777,0.33314444652853825
4,113,0,0,windowed_beta,0.5,after,0.25,0.6931471805599453
4,114,0,1,constant,0.5,after,0.25,0.6931471805599453
4,114,0,1,cumulative_beta,0.2786885245901639,after,0.5202902445579146,1.2776605201170952
4,114,0,1,windowed_beta,0.5,after,0.25,0.6931471805599453
4,115,1,0,constant,0.5,after,0.25,0.6931471805599453
4,115,1,0,cumulative_beta,0.7368421052631579,after,0.5429362880886426,1.33500106673234
4,115,1,0,windowed_beta,0.6363636363636364,after,0.4049586776859504,1.0116009116784799
4,116,1,0,constant,0.5,after,0.25,0.6931471805599453
4,116,1,0,cumulative_beta,0.7241379310344828,after,0.5243757431629014,1.2878542883066382
4,116,1,0,windowed_beta,0.5909090909090909,after,0.3491735537190083,0.8938178760220965
4,117,1,0,constant,0.5,after,0.25,0.6931471805599453
4,117,1,0,cumulative_beta,0.711864406779661,after,0.5067509336397586,1.2443240998495033
4,117,1,0,windowed_beta,0.5454545454545454,after,0.29752066115702475,0.78845736036427
4,118,0,0,constant,0.5,after,0.25,0.6931471805599453
4,118,0,0,cumulative_beta,0.2903225806451613,after,0.08428720083246619,0.3429447511268303
4,118,0,0,windowed_beta,0.5454545454545454,after,0.29752066115702475,0.78845736036427
4,119,1,0,constant,0.5,after,0.25,0.6931471805599453
4,119,1,0,cumulative_beta,0.7,after,0.48999999999999994,1.203972804325936
4,119,1,0,windowed_beta,0.5454545454545454,after,0.29752066115702475,0.78845736036427
4,120,0,1,constant,0.5,after,0.25,0.6931471805599453
4,120,0,1,cumulative_beta,0.2857142857142857,after,0.5102040816326531,1.252762968495368
4,120,0,1,windowed_beta,0.5454545454545454,after,0.20661157024793392,0.6061358035703156
4,121,0,1,constant,0.5,after,0.25,0.6931471805599453
4,121,0,1,cumulative_beta,0.296875,after,0.494384765625,1.2144441041932315
4,121,0,1,windowed_beta,0.5909090909090909,after,0.16735537190082642,0.5260930958967791
4,122,0,1,constant,0.5,after,0.25,0.6931471805599453
4,122,0,1,cumulative_beta,0.3076923076923077,after,0.4792899408284023,1.1786549963416462
4,122,0,1,windowed_beta,0.6363636363636364,after,0.1322314049586777,0.45198512374305727
4,123,1,0,constant,0.5,after,0.25,0.6931471805599453
4,123,1,0,cumulative_beta,0.6885245901639344,after,0.47406611126041387,1.1664348850068706
4,123,1,0,windowed_beta,0.5454545454545454,after,0.29752066115702475,0.78845736036427
4,124,0,1,constant,0.5,after,0.25,0.6931471805599453
4,124,0,1,cumulative_beta,0.3181818181818182,after,0.4648760330578513,1.1451323043030026
4,124,0,1,windowed_beta,0.6818181818181818,after,0.10123966942148764,0.38299225225610584
4,125,1,0,constant,0.5,after,0.25,0.6931471805599453
4,125,1,0,cumulative_beta,0.6774193548387096,after,0.45889698231009357,1.1314021114911004
4,125,1,0,windowed_beta,0.5454545454545454,after,0.29752066115702475,0.78845736036427
4,126,1,0,constant,0.5,after,0.25,0.6931471805599453
4,126,1,0,cumulative_beta,0.6666666666666666,after,0.4444444444444444,1.0986122886681096
4,126,1,0,windowed_beta,0.5,after,0.25,0.6931471805599453
4,127,1,0,constant,0.5,after,0.25,0.6931471805599453
4,127,1,0,cumulative_beta,0.65625,after,0.4306640625,1.067840630001356
4,127,1,0,windowed_beta,0.45454545454545453,after,0.20661157024793386,0.6061358035703156
4,128,1,1,constant,0.5,after,0.25,0.6931471805599453
4,128,1,1,cumulative_beta,0.6461538461538462,after,0.12520710059171594,0.4367176516122688
4,128,1,1,windowed_beta,0.45454545454545453,after,0.29752066115702475,0.7884573603642702
4,129,0,1,constant,0.5,after,0.25,0.6931471805599453
4,129,0,1,cumulative_beta,0.3283582089552239,after,0.4511026954778346,1.11365016603265
4,129,0,1,windowed_beta,0.6818181818181818,after,0.10123966942148764,0.38299225225610584
4,130,0,1,constant,0.5,after,0.25,0.6931471805599453
4,130,0,1,cumulative_beta,0.3382352941176471,after,0.4379325259515571,1.0840134892469568
4,130,0,1,windowed_beta,0.7272727272727273,after,0.07438016528925619,0.3184537311185346
4,131,0,1,constant,0.5,after,0.25,0.6931471805599453
4,131,0,1,cumulative_beta,0.34782608695652173,after,0.42533081285444235,1.0560526742493137
4,131,0,1,windowed_beta,0.7727272727272727,after,0.05165289256198348,0.2578291093020998
4,132,1,0,constant,0.5,after,0.25,0.6931471805599453
4,132,1,0,cumulative_beta,0.6515151515151515,after,0.4244719926538108,1.0541605260972757
4,132,1,0,windowed_beta,0.45454545454545453,after,0.20661157024793386,0.6061358035703156
4,133,1,0,constant,0.5,after,0.25,0.6931471805599453
4,133,1,0,cumulative_beta,0.6417910447761194,after,0.41189574515482286,1.0266387890430204
4,133,1,0,windowed_beta,0.45454545454545453,after,0.20661157024793386,0.6061358035703156
4,134,0,1,constant,0.5,after,0.25,0.6931471805599453
4,134,0,1,cumulative_beta,0.35714285714285715,after,0.4132653061224489,1.0296194171811581
4,134,0,1,windowed_beta,0.8181818181818182,after,0.0330578512396694,0.2006706954621511
4,135,0,1,constant,0.5,after,0.25,0.6931471805599453
4,135,0,1,cumulative_beta,0.36619718309859156,after,0.40170601071216033,1.0045833390198333
4,135,0,1,windowed_beta,0.8181818181818182,after,0.0330578512396694,0.2006706954621511
4,136,0,0,constant,0.5,after,0.25,0.6931471805599453
4,136,0,0,cumulative_beta,0.375,after,0.140625,0.4700036292457356
4,136,0,0,windowed_beta,0.8636363636363636,after,0.7458677685950413,1.9924301646902063
4,137,0,1,constant,0.5,after,0.25,0.6931471805599453
4,137,0,1,cumulative_beta,0.3698630136986301,after,0.3970726215049729,0.9946225751440622
4,137,0,1,windowed_beta,0.8181818181818182,after,0.0330578512396694,0.2006706954621511
4,138,0,0,constant,0.5,after,0.25,0.6931471805599453
4,138,0,0,cumulative_beta,0.3783783783783784,after,0.14317019722425128,0.4754236967150748
4,138,0,0,windowed_beta,0.8181818181818182,after,0.6694214876033059,1.7047480922384255
4,139,0,1,constant,0.5,after,0.25,0.6931471805599453
4,139,0,1,cumulative_beta,0.37333333333333335,after,0.3927111111111112,0.9852836033611064
4,139,0,1,windowed_beta,0.7727272727272727,after,0.05165289256198348,0.2578291093020998
4,140,1,0,constant,0.5,after,0.25,0.6931471805599453
4,140,1,0,cumulative_beta,0.6323529411764706,after,0.3998702422145328,1.000631880307906
4,140,1,0,windowed_beta,0.4090909090909091,after,0.16735537190082647,0.5260930958967792
4,141,0,1,constant,0.5,after,0.25,0.6931471805599453
4,141,0,1,cumulative_beta,0.3815789473684211,after,0.3824445983379502,0.963437510299857
4,141,0,1,windowed_beta,0.7727272727272727,after,0.05165289256198348,0.2578291093020998
4,142,0,1,constant,0.5,after,0.25,0.6931471805599453
4,142,0,1,cumulative_beta,0.38961038961038963,after,0.37257547647158035,0.9426080401915284
4,142,0,1,windowed_beta,0.7727272727272727,after,0.05165289256198348,0.2578291093020998
4,143,0,1,constant,0.5,after,0.25,0.6931471805599453
4,143,0,1,cumulative_beta,0.3974358974358974,after,0.36308349769888243,0.9227216222044455
4,143,0,1,windowed_beta,0.7727272727272727,after,0.05165289256198348,0.2578291093020998
4,144,0,1,constant,0.5,after,0.25,0.6931471805599453
4,144,0,1,cumulative_beta,0.4050632911392405,after,0.35394968755007217,0.903711949667295
4,144,0,1,windowed_beta,0.7727272727272727,after,0.05165289256198348,0.2578291093020998
4,145,0,1,constant,0.5,after,0.25,0.6931471805599453
4,145,0,1,cumulative_beta,0.4125,after,0.34515625000000005,0.8855190732074014
4,145,0,1,windowed_beta,0.7727272727272727,after,0.05165289256198348,0.2578291093020998
4,146,1,0,constant,0.5,after,0.25,0.6931471805599453
4,146,1,0,cumulative_beta,0.6231884057971014,after,0.3883637891199328,0.9760099665757773
4,146,1,0,windowed_beta,0.36363636363636365,after,0.1322314049586777,0.45198512374305727
4,147,0,0,constant,0.5,after,0.25,0.6931471805599453
4,147,0,0,cumulative_beta,0.41975308641975306,after,0.17619265355890867,0.5443015529623801
4,147,0,0,windowed_beta,0.8181818181818182,after,0.6694214876033059,1.7047480922384255
4,148,1,0,constant,0.5,after,0.25,0.6931471805599453
4,148,1,0,cumulative_beta,0.6142857142857143,after,0.37734693877551023,0.95265837604503
4,148,1,0,windowed_beta,0.36363636363636365,after,0.1322314049586777,0.45198512374305727
4,149,0,0,constant,0.5,after,0.25,0.6931471805599453
4,149,0,0,cumulative_beta,0.4146341463414634,after,0.17192147531231408,0.5355182363563621
4,149,0,0,windowed_beta,0.7727272727272727,after,0.5971074380165289,1.4816045409242153
4,150,1,0,constant,0.5,after,0.25,0.6931471805599453
4,150,1,0,cumulative_beta,0.6056338028169014,after,0.36679230311446137,0.9304753668661114
4,150,1,0,windowed_beta,0.3181818181818182,after,0.1012396694214876,0.3829922522561057
4,151,1,0,constant,0.5,after,0.25,0.6931471805599453
4,151,1,0,cumulative_beta,0.5972222222222222,after,0.35667438271604934,0.9093702890295813
4,151,1,0,windowed_beta,0.2727272727272727,after,0.07438016528925619,0.3184537311185346
4,152,0,1,constant,0.5,after,0.25,0.6931471805599453
4,152,0,1,cumulative_beta,0.40963855421686746,after,0.34852663666715056,0.8924800831804366
4,152,0,1,windowed_beta,0.7727272727272727,after,0.05165289256198348,0.2578291093020998
4,153,0,1,constant,0.5,after,0.25,0.6931471805599453
4,153,0,1,cumulative_beta,0.4166666666666667,after,0.3402777777777777,0.8754687373538999
4,153,0,1,windowed_beta,0.7727272727272727,after,0.05165289256198348,0.2578291093020998
4,154,1,0,constant,0.5,after,0.25,0.6931471805599453
4,154,1,0,cumulative_beta,0.589041095890411,after,0.34696941264777637,0.8892620594862358
4,154,1,0,windowed_beta,0.22727272727272727,after,0.051652892561983466,0.2578291093020998
4,155,0,1,constant,0.5,after,0.25,0.6931471805599453
4,155,0,1,cumulative_beta,0.4235294117647059,after,0.33231833910034597,0.8591323180342064
4,155,0,1,windowed_beta,0.7727272727272727,after,0.05165289256198348,0.2578291093020998
4,156,0,1,constant,0.5,after,0.25,0.6931471805599453
4,156,0,1,cumulative_beta,0.43023255813953487,after,0.32463493780421854,0.8434293836092833
4,156,0,1,windowed_beta,0.7727272727272727,after,0.05165289256198348,0.2578291093020998
4,157,0,1,constant,0.5,after,0.25,0.6931471805599453
4,157,0,1,cumulative_beta,0.4367816091954023,after,0.3172149557405205,0.8283219589281979
4,157,0,1,windowed_beta,0.7727272727272727,after,0.05165289256198348,0.2578291093020998
4,158,1,0,constant,0.5,after,0.25,0.6931471805599453
4,158,1,0,cumulative_beta,0.581081081081081,after,0.33765522279035787,0.8700778887190234
4,158,1,0,windowed_beta,0.18181818181818182,after,0.03305785123966942,0.20067069546215124
4,159,0,0,constant,0.5,after,0.25,0.6931471805599453
4,159,0,0,cumulative_beta,0.4431818181818182,after,0.19641012396694216,0.5855165163675797
4,159,0,0,windowed_beta,0.7727272727272727,after,0.5971074380165289,1.4816045409242153
4,160,1,0,constant,0.5,after,0.25,0.6931471805599453
4,160,1,0,cumulative_beta,0.5733333333333334,after,0.3287111111111111,0.8517522107365839
4,160,1,0,windowed_beta,0.13636363636363635,after,0.018595041322314047,0.1466034741918754
4,161,0,1,constant,0.5,after,0.25,0.6931471805599453
4,161,0,1,cumulative_beta,0.43820224719101125,after,0.3156167150612297,0.8250747236024933
4,161,0,1,windowed_beta,0.7272727272727273,after,0.07438016528925619,0.3184537311185346
4,162,0,0,constant,0.5,after,0.25,0.6931471805599453
4,162,0,0,cumulative_beta,0.4444444444444444,after,0.19753086419753085,0.587786664902119
4,162,0,0,windowed_beta,0.7272727272727273,after,0.5289256198347108,1.2992829841302609
4,163,1,0,constant,0.5,after,0.25,0.6931471805599453
4,163,1,0,cumulative_beta,0.5657894736842105,after,0.32011772853185594,0.8342257788198508
4,163,1,0,windowed_beta,0.13636363636363635,after,0.018595041322314047,0.1466034741918754
4,164,1,0,constant,0.5,after,0.25,0.6931471805599453
4,164,1,0,cumulative_beta,0.5584415584415584,after,0.3118569741946365,0.8174448972375223
4,164,1,0,windowed_beta,0.09090909090909091,after,0.008264462809917356,0.0953101798043249
4,165,1,1,constant,0.5,after,0.25,0.6931471805599453
4,165,1,1,cumulative_beta,0.5512820512820513,after,0.2013477975016436,0.5955087109960292
4,165,1,1,windowed_beta,0.09090909090909091,after,0.8264462809917354,2.3978952727983707
4,166,0,0,constant,0.5,after,0.25,0.6931471805599453
4,166,0,0,cumulative_beta,0.43956043956043955,after,0.19321338002656682,0.5790338737925242
4,166,0,0,windowed_beta,0.6818181818181818,after,0.4648760330578512,1.1451323043030024
4,167,1,1,constant,0.5,after,0.25,0.6931471805599453
4,167,1,1,cumulative_beta,0.5569620253164557,after,0.19628264701169687,0.5852582185487604
4,167,1,1,windowed_beta,0.13636363636363635,after,0.7458677685950413,1.9924301646902063
4,168,1,0,constant,0.5,after,0.25,0.6931471805599453
4,168,1,0,cumulative_beta,0.5625,after,0.31640625,0.8266785731844679
4,168,1,0,windowed_beta,0.18181818181818182,after,0.03305785123966942,0.20067069546215124
4,169,0,1,constant,0.5,after,0.25,0.6931471805599453
4,169,0,1,cumulative_beta,0.43478260869565216,after,0.3194706994328923,0.832909122935104
4,169,0,1,windowed_beta,0.6363636363636364,after,0.1322314049586777,0.45198512374305727
4,170,1,1,constant,0.5,after,0.25,0.6931471805599453
4,170,1,1,cumulative_beta,0.5555555555555556,after,0.19753086419753085,0.587786664902119
4,170,1,1,windowed_beta,0.18181818181818182,after,0.6694214876033057,1.7047480922384253
4,171,0,1,constant,0.5,after,0.25,0.6931471805599453
4,171,0,1,cumulative_beta,0.44086021505376344,after,0.3126372991097236,0.8190274264489481
4,171,0,1,windowed_beta,0.6818181818181818,after,0.10123966942148764,0.38299225225610584
4,172,0,1,constant,0.5,after,0.25,0.6931471805599453
4,172,0,1,cumulative_beta,0.44680851063829785,after,0.30602082390221824,0.8056251639866356
4,172,0,1,windowed_beta,0.6818181818181818,after,0.10123966942148764,0.38299225225610584
4,173,0,1,constant,0.5,after,0.25,0.6931471805599453
4,173,0,1,cumulative_beta,0.45263157894736844,after,0.2996121883656509,0.7926767759069784
4,173,0,1,windowed_beta,0.7272727272727273,after,0.07438016528925619,0.3184537311185346
4,174,1,0,constant,0.5,after,0.25,0.6931471805599453
4,174,1,0,cumulative_beta,0.5609756097560976,after,0.3146936347412255,0.8232003088081432
4,174,1,0,windowed_beta,0.22727272727272727,after,0.051652892561983466,0.2578291093020998
4,175,0,0,constant,0.5,after,0.25,0.6931471805599453
4,175,0,0,cumulative_beta,0.4583333333333333,after,0.21006944444444442,0.6131044728864088
4,175,0,0,windowed_beta,0.7272727272727273,after,0.5289256198347108,1.2992829841302609
4,176,0,1,constant,0.5,after,0.25,0.6931471805599453
4,176,0,1,cumulative_beta,0.4536082474226804,after,0.2985439472845149,0.7905213445851217
4,176,0,1,windowed_beta,0.6818181818181818,after,0.10123966942148764,0.38299225225610584
4,177,1,1,constant,0.5,after,0.25,0.6931471805599453
4,177,1,1,cumulative_beta,0.5542168674698795,after,0.19872260124836696,0.5901992113075029
4,177,1,1,windowed_beta,0.22727272727272727,after,0.5971074380165289,1.4816045409242156
4,178,0,0,constant,0.5,after,0.25,0.6931471805599453
4,178,0,0,cumulative_beta,0.45918367346938777,after,0.21084964598084133,0.61467556511845
4,178,0,0,windowed_beta,0.6818181818181818,after,0.4648760330578512,1.1451323043030024
4,179,0,1,constant,0.5,after,0.25,0.6931471805599453
4,179,0,1,cumulative_beta,0.45454545454545453,after,0.29752066115702475,0.7884573603642702
4,179,0,1,windowed_beta,0.6363636363636364,after,0.1322314049586777,0.45198512374305727
4,180,1,0,constant,0.5,after,0.25,0.6931471805599453
4,180,1,0,cumulative_beta,0.5595238095238095,after,0.3130668934240363,0.8198988861990892
4,180,1,0,windowed_beta,0.2727272727272727,after,0.07438016528925619,0.3184537311185346
4,181,0,1,constant,0.5,after,0.25,0.6931471805599453
4,181,0,1,cumulative_beta,0.46,after,0.2916,0.7765287894989963
4,181,0,1,windowed_beta,0.6363636363636364,after,0.1322314049586777,0.45198512374305727
4,182,0,0,constant,0.5,after,0.25,0.6931471805599453
4,182,0,0,cumulative_beta,0.46534653465346537,after,0.21654739731398884,0.626136470276985
4,182,0,0,windowed_beta,0.6363636363636364,after,0.4049586776859504,1.0116009116784799
4,183,0,1,constant,0.5,after,0.25,0.6931471805599453
4,183,0,1,cumulative_beta,0.46078431372549017,after,0.2907535563244907,0.7748252115742126
4,183,0,1,windowed_beta,0.6363636363636364,after,0.1322314049586777,0.45198512374305727
4,184,0,0,constant,0.5,after,0.25,0.6931471805599453
4,184,0,0,cumulative_beta,0.46601941747572817,after,0.21717409746441702,0.6273958029971649
4,184,0,0,windowed_beta,0.6818181818181818,after,0.4648760330578512,1.1451323043030024
4,185,1,0,constant,0.5,after,0.25,0.6931471805599453
4,185,1,0,cumulative_beta,0.5529411764705883,after,0.30574394463667826,0.8050650967639308
4,185,1,0,windowed_beta,0.2727272727272727,after,0.07438016528925619,0.3184537311185346
4,186,0,0,constant,0.5,after,0.25,0.6931471805599453
4,186,0,0,cumulative_beta,0.46153846153846156,after,0.21301775147928997,0.6190392084062235
4,186,0,0,windowed_beta,0.6363636363636364,after,0.4049586776859504,1.0116009116784799
4,187,1,0,constant,0.5,after,0.25,0.6931471805599453
4,187,1,0,cumulative_beta,0.5465116279069767,after,0.29867495943753375,0.7907856501238613
4,187,1,0,windowed_beta,0.22727272727272727,after,0.051652892561983466,0.2578291093020998
4,188,0,1,constant,0.5,after,0.25,0.6931471805599453
4,188,0,1,cumulative_beta,0.45714285714285713,after,0.2946938775510205,0.7827593392496325
4,188,0,1,windowed_beta,0.5909090909090909,after,0.16735537190082642,0.5260930958967791
4,189,1,0,constant,0.5,after,0.25,0.6931471805599453
4,189,1,0,cumulative_beta,0.5402298850574713,after,0.2918483287092086,0.7770286645406475
4,189,1,0,windowed_beta,0.22727272727272727,after,0.051652892561983466,0.2578291093020998
4,190,0,0,constant,0.5,after,0.25,0.6931471805599453
4,190,0,0,cumulative_beta,0.46226415094339623,after,0.21368814524741903,0.620387826277517
4,190,0,0,windowed_beta,0.5909090909090909,after,0.3491735537190083,0.8938178760220965
4,191,1,0,constant,0.5,after,0.25,0.6931471805599453
4,191,1,0,cumulative_beta,0.5340909090909091,after,0.2852530991735537,0.7637647477738986
4,191,1,0,windowed_beta,0.22727272727272727,after,0.051652892561983466,0.2578291093020998
4,192,0,1,constant,0.5,after,0.25,0.6931471805599453
4,192,0,1,cumulative_beta,0.45794392523364486,after,0.29382478819110847,0.7810085363512795
4,192,0,1,windowed_beta,0.5454545454545454,after,0.20661157024793392,0.6061358035703156
4,193,1,0,constant,0.5,after,0.25,0.6931471805599453
4,193,1,0,cumulative_beta,0.5280898876404494,after,0.27887892942810244,0.7509667514487715
4,193,1,0,windowed_beta,0.22727272727272727,after,0.051652892561983466,0.2578291093020998
4,194,0,1,constant,0.5,after,0.25,0.6931471805599453
4,194,0,1,cumulative_beta,0.46296296296296297,after,0.28840877914951984,0.7701082216960736
4,194,0,1,windowed_beta,0.5454545454545454,after,0.20661157024793392,0.6061358035703156
4,195,1,1,constant,0.5,after,0.25,0.6931471805599453
4,195,1,1,cumulative_beta,0.5222222222222223,after,0.22827160493827156,0.6496620686202064
4,195,1,1,windowed_beta,0.22727272727272727,after,0.5971074380165289,1.4816045409242156
4,196,1,0,constant,0.5,after,0.25,0.6931471805599453
4,196,1,0,cumulative_beta,0.5274725274725275,after,0.27822726723825625,0.7496593908232877
4,196,1,0,windowed_beta,0.2727272727272727,after,0.07438016528925619,0.3184537311185346
4,197,1,0,constant,0.5,after,0.25,0.6931471805599453
4,197,1,0,cumulative_beta,0.5217391304347826,after,0.2722117202268431,0.7375989431307791
4,197,1,0,windowed_beta,0.2727272727272727,after,0.07438016528925619,0.3184537311185346
4,198,0,0,constant,0.5,after,0.25,0.6931471805599453
4,198,0,0,cumulative_beta,0.46788990825688076,after,0.2189209662486323,0.6309048716827245
4,198,0,0,windowed_beta,0.5909090909090909,after,0.3491735537190083,0.8938178760220965
4,199,0,1,constant,0.5,after,0.25,0.6931471805599453
4,199,0,1,cumulative_beta,0.4636363636363636,after,0.28768595041322315,0.7686547330680905
4,199,0,1,windowed_beta,0.5454545454545454,after,0.20661157024793392,0.6061358035703156
